full_text_norm,created_at,id_str,user_name,user_screen_name,,label
Propokator perusak negara segera aparat ke TKP Cc @DivHumas_Polri @Puspen_TNI @KejaksaanRI @BareskrimPolri #KPUMelayani #SaveErinTaulany,4/24/2019 11:07,1.12E+18,#SulSel#,Landolendong2,,hoax
Itu settingan Itu pasti koran nya dibayar Kpu curang qc curang #saveerintaulany,4/24/2019 4:15,1.12E+18,#SINTING#saveerintaulany,Juan_ramosh,,hoax
Semoga ibu diberi hidayah dan panjang umur #JokowiAminMenang #saveerintaulany,4/24/2019 3:58,1.12E+18,#SINTING#saveerintaulany,Juan_ramosh,,hoax
Pak Polisi... ini emak-emak yang laporin istrinya Andre tolong dicek akun medsos mereka. Palingan postinganÂ²nya juga banyak yang menghina Pak Jokowi... #SaveErinTaulany ,4/24/2019 0:30,1.12E+18,â™¥Â â™¦I NYOMAN AVNANÂ â™£Â â™ ,avnan_anarchy,,hoax
@AnakPamekasan tu yg di fb fotox asli atau akun penebar hoax. Sy kembali TEGASKAN kalimat panglima NKRI HARGA MATI. TNI ada benteng NKRI. @DivHumas_Polri SEGERA tindak lanjut. #SaveErinTaulany,4/23/2019 23:55,1.12E+18,Papua Wesprianus Heipon,wesprianus,,hoax
Nuuum...Hanum... Mending ngemut kono lho nduk... #SaveErinTaulany,4/23/2019 17:17,1.12E+18,Mas Moel,djumoel,,hoax
#SaveTaulany #SaveErinTaulany,4/23/2019 15:50,1.12E+18,Dinny Aryanti,DinnyAryanti,,hoax
mariiii kita laporkan balik mrka wkwkwkwkw pst mrka jiper.. blm jd presiden aj pengikutnya dah ky taik.. #saveerintaulany,4/23/2019 14:37,1.12E+18,jokowiorangbaik,metta771,,hoax
si umi pipik sok ngasih hadis2an sm bu erin. lg nyepongin burung laki temannya ingt hadis nga loe pik? #SaveErinTaulany,4/23/2019 14:35,1.12E+18,jokowiorangbaik,metta771,,hoax
Yg jujur versi mba ini adl ketika nangis2 membela sandiwara oplas ratu hoax. #SaveTaulany #SaveErinTaulany #SaveSanity,4/23/2019 9:34,1.12E+18,For God and Country,rico_cp,,hoax
#SaveErinTaulany,4/23/2019 9:01,1.12E+18,Tarcisius Christophorus Tjan Fen Fat TOCarm,TTocarm,,hoax
#SaveErinTaulany ,4/23/2019 7:50,1.12E+18,andi panjaitan,AndipanjaitanP,,hoax
#SaveTaulany #SaveErinTaulany,4/23/2019 6:56,1.12E+18,Hernita,Hernita1371,,hoax
Alhamdulillah.... Semoga semakin naik lg jumlahnya Aamiin.. #SaveTaulany #SaveErinTaulany,4/23/2019 6:52,1.12E+18,Hernita,Hernita1371,,hoax
#SelamatJokowiAmin #JokowiAminSudahMenang #SaveErinTaulany ,4/23/2019 5:46,1.12E+18,ken,KenHamur,,hoax
... #SaveErinTaulany,4/23/2019 4:49,1.12E+18,Minimal iQ,dhenGkhul_iQ,,hoax
pasukan lebay online bergoyang... #SaveErinTaulany,4/23/2019 4:13,1.12E+18,Sapuri Hati,SapuriH,,hoax
Pak Jokowi dihina-hina ribuan orang aja ga gitu2 amat. lagian yg disebutin dia juga kayaknya ga salah-salah amat kan ya?? #SaveErinTaulany,4/23/2019 4:02,1.12E+18,Ano Lubis,AnoLubis,,hoax
tujuan mereka hanya semata mata memperkeruh suasana. Bikin kegaduhan #SaveErinTaulany,4/23/2019 3:39,1.12E+18,Bukan kaleng-kaleng,AD1CKA1987,,hoax
Alhamdulillah saya bangga jadi mysrkat JATIM Akhirnya pak @jokowi bisa pimpin kembali negri ini... #SaveErinTaulany,4/23/2019 3:34,1.12E+18,Bukan kaleng-kaleng,AD1CKA1987,,hoax
#SaveErinTaulany,4/23/2019 3:23,1.12E+18,frengkyhidayat71,frengkyhidayat7,,hoax
Yg mengolok-olok Presiden yg sah bgm?? Kpn minta maafnya??? Apa ada UU ?? #SaveErinTaulany #savepresiden,4/23/2019 3:21,1.12E+18,STAR- SUN STRONG,ongmar,,hoax
#SelamatJokowiAmin #JokowiAminSudahMenang #SaveErinTaulany ,4/23/2019 3:08,1.12E+18,ken,KenHamur,,hoax
#SaveTaulany #SaveErinTaulany ,4/23/2019 2:58,1.12E+18,pongole,Ariph_Mbatmbut,,hoax
",..cuma satu,.. #SaveErinTaulany",4/23/2019 1:44,1.12E+18,Hermansjah DHA,hermansjahdha,,hoax
Semangat ya bang @andretaulany74 #SaveTaulany #SaveErinTaulany,4/23/2019 1:24,1.12E+18,Bundane Cici,BundanyaCici,,hoax
#SaveTaulany #SaveErinTaulany #SaveTaulany #SaveErinTaulany #SaveTaulany #SaveErinTaulany #SaveTaulany #SaveErinTaulany #SaveTaulany #SaveErinTaulany #SaveTaulany #SaveErinTaulany #SaveTaulany #SaveErinTaulany #SaveTaulany #SaveErinTaulany,4/23/2019 0:57,1.12E+18,godham,godham5,,hoax
"Keren,ashyiap Pleciden.....! #SaveTaulany #SaveErinTaulany",4/23/2019 0:39,1.12E+18,Roni Milanisti,Roni_Milanelo,,hoax
"Neno megang kunci sorga, Pipik memegang kunci neraka, aku milih pegang kunci kasir aja. Siap presiden #SaveTaulany #SaveErinTaulany",4/23/2019 0:27,1.12E+18,Dyaz Widy,DyazWidy1,,hoax
Ngelawan kampret emang harus pke cara kampret #SaveErinTaulany Btw mbak @hanumrais sudah bezuk kartini masa kini di sel???,4/23/2019 0:25,1.12E+18,Fitria Rasyid,FitriaRasyid1,,hoax
"Widihhhh..umi pipik yg memutuskan Erin Taulany berapa lama hukuman mbk Erin di neraka, keren mantan perempuan yg hoby dugem bs mensejajarkan diri dgn TUHAN..kalo wartawan Korea ini di hukum di neraka berapa puluh tahun ya kiraÂ² umi?? #SaveTaulany #SaveErinTaulany ",4/23/2019 0:06,1.12E+18,Dyaz Widy,DyazWidy1,,hoax
Jadi ingat kasusnya ratna sarumpaet. #SaveTaulany #SaveErinTaulany ,4/22/2019 23:58,1.12E+18,M.H. Â ğŸ‡²ğŸ‡¨ Netizen Indonesia Â ğŸ‡²ğŸ‡¨,miftahhudaID,,hoax
#SaveErinTaulany,4/22/2019 23:13,1.12E+18,Hanny,Deariy,,hoax
Koq pede ya ngomong kejujuran #SaveTaulany #SaveErinTaulany,4/22/2019 22:08,1.12E+18,Poolgank,deckykris,,hoax
#SaveErinTaulany,4/22/2019 21:40,1.12E+18,agus Ali,agus_aliz,,hoax
Ngaca dulu Num.... #saveerintaulany #SaveErinTaulany,4/22/2019 20:30,1.12E+18,Yulie de Groot,YuliedeGroot,,hoax
1.Kpu hasil nya beda sama c1 .maaf human eror salah inpt 1. Menghina prsiden.maaf akun di retas 1. Jabatan di jual beli.maaf aku d jebak 1. Hutang luar negeri banyak.maaf kirain ga banyak yang perhatiin #maaf #KawalPemilu #AyoKPUTransparan #CapekLihatKamuHalu #saveerintaulany,4/22/2019 18:16,1.12E+18,akang ola,akang_ola,,hoax
"Terima kasih semuanya atas support dan dukungan nya kpd bang Andre dan keluarga , smg kasus ini cepat selesai dn tidak berlarut2 #saveerintaulany #staystrongandretaulany",4/22/2019 16:12,1.12E+18,WR,Wirdataulany,,hoax
#SaveTaulany #saveerintaulany,4/22/2019 16:00,1.12E+18,Dini Aprianti,hers_coffee,,hoax
Bener banget.. Kaca mana kaca... #SaveTaulany #saveerintaulany,4/22/2019 15:57,1.12E+18,Dini Aprianti,hers_coffee,,hoax
@Fahrihamzah dl dong klu mo dipolisikan! Jd biar berimbang. Toh kata2nya sama. #SaveTaulany #SaveErinTaulany,4/22/2019 15:24,1.12E+18,Bastian Niro,BastianNiro,,hoax
Dont give up #SaveErinTaulany Ciapp preciden,4/22/2019 15:06,1.12E+18,Ferry Hilmansyah,HilmansyahFerry,,hoax
#SaveTaulany #SaveErinTaulany,4/22/2019 14:30,1.12E+18,Arsens Gunner,Arsens43161741,,hoax
#saveerintaulany,4/22/2019 14:29,1.12E+18,Arsens Gunner,Arsens43161741,,hoax
#SaveErinTaulany #SaveErinTaulany #SaveErinTaulany #SaveErinTaulany #SaveErinTaulany #SaveErinTaulany #SaveErinTaulany #SaveErinTaulany #SaveErinTaulany #SaveErinTaulany #SaveErinTaulany #SaveErinTaulany #SaveErinTaulany,4/22/2019 14:26,1.12E+18,Wiwin,Wiwin97160658,,hoax
Beginilah kalo terjebak urusan sama orang2 jahat #SaveTaulany #saveerintaulany,4/22/2019 14:25,1.12E+18,RIO,SkyRio999,,hoax
#SaveTaulany #SaveErinTaulany,4/22/2019 14:19,1.12E+18,Mahisa Agni,MahisaAgni4,,hoax
#SaveTaulany #saveerintaulany ,4/22/2019 14:05,1.12E+18,MNRamdhan,mnramdhan03,,hoax
#SaveErinTaulany #SaveTaulany,4/22/2019 14:01,1.12E+18,Mighisela,Mighisela_laura,,hoax
"Astagfirullahhhhhh.....masih aja gk nyadar..!!! Omonganmu ini pas banget buat kamu sendiri..! Nyadar gk sih??? Menilai org itu sangat mudah,tp menasehati diri sendiri itu butuh keimanan. Sadarkan dirimu dulu sebelum menilai orang lain. #SaveErinTaulany",4/22/2019 13:44,1.12E+18,#siap plesident,HD_hadirochman,,hoax
"Iya tuh,ada yg bilang sinting,plonga plongo,antek asing,pki,macam lah...emang kaum seperti mereka itu ky nya udah gk punya urat malu... #SaveTaulany #saveerintaulany",4/22/2019 13:09,1.12E+18,Hari Bukhory,BukhoryHari,,hoax
#saveerintaulany,4/22/2019 12:57,1.12E+18,STAR- SUN STRONG,ongmar,,hoax
Belum jadi aja Sudah pengen bungkam mulut Erin.... Bayangkan berapa banyak LAKBAN buat nutup mulut Warga Negara RI atau pada diculik aja... #saveerintaulany #SaveTaulany,4/22/2019 12:20,1.12E+18,MbahLanang,MbahLanang14,,hoax
#SaveTaulany #SaveErinTaulany,4/22/2019 12:17,1.12E+18,ined Takeda,TakedaIned,,hoax
Patroli303 - Andre Melaporkan Instagram Milik Istrinya Dihack ke Polda Metro Jaya #SaveErinTaulany #TWICE_FANCY #TNIDanPolriPahlawanPemilu #DokumenkanC1DiKecamatan #MauMenangKokMainCurang #KEBOHONGANSEXYKILLER,4/22/2019 12:00,1.12E+18,Felisia Putri,FelisiaPutri6,,hoax
#saveerintaulany,4/22/2019 11:44,1.12E+18,Warung Jurnalis,WarungJurnalis,,hoax
Apa bukan kubu sebelah tuh yg lebay ????? #SaveErinTaulany,4/22/2019 11:41,1.12E+18,gsbudi,chef_master69,,hoax
Seterah lo sama kluarga lo yg betato #SaveErinTaulany,4/22/2019 11:37,1.12E+18,choky_purba,simalungun13,,hoax
Kalo Bukan SINTING/GILA Nama nya apa?. Kan Emang Bener... #saveerintaulany #SaveTaulany,4/22/2019 11:37,1.12E+18,Jonathan Eri,EriSujono,,hoax
"Kalau istri Andre diperkarakan, harusnya sebagian besar warga RI juga. Wong pendapat kami sama #saveandretaulany #SaveErinTaulany #PrabowoSinting",4/22/2019 10:35,1.12E+18,#JokowiTakutFPIÂ ğŸ‘,wakilgubernurKW,,hoax
Dan ini hanya berlaku bagi Prabowo-Sandiaga. Tidak untuk Jokowi-Amin. Cara pikir seperti ini kah yg ingin menguasai negeri ini? Naudzubillahi min dzalik. #IndonesianElectionHeroes #PrabowoHalu #PrabowoMenangHoax #SaveTaulany #saveerintaulany #akalsehat,4/22/2019 10:35,1.12E+18,RIO,SkyRio999,,hoax
Di hack pikiran bawah sadar haha #saveerintaulany #SaveTaulany,4/22/2019 10:32,1.12E+18,Rezman,yanresman,,hoax
Semuanya jadi... Jadi gila. #SaveErinTaulany,4/22/2019 10:28,1.12E+18,2P,Nunungtalok74,,hoax
"Kalau Prabowo ngga usah dilaporinlah.... Ngga ada lawakan kalau dia di polisikan, lumayan dapat hiburan segar kalau ada Prabowo... Lawakannya murni tanpa dibuat buat siap presiden..!! #BantuKawalPemilu #01JokowiAminSudahMenang #SaveTaulany #saveerintaulany",4/22/2019 10:19,1.12E+18,clown face zonky donkey,Totok0912,,hoax
"Lagian sape percaya ama mulut PELAKOR,,,??? #SaveErinTaulany",4/22/2019 10:14,1.12E+18,Bang Tinok,BangTinok,,hoax
"Kalau @erintaulany ditangkap & dipenjarakan, Fahri Hamzah juga harus ditangkap & dipenjarakan, krn dia juga bilang Sinting ke Jokowi. #saveerintaulany #harusadil",4/22/2019 10:03,1.12E+18,Leonard A.F Tanasale,leonardtanasale,,hoax
"Sebentar dipuja, nanti kalau beda dihina, hadehh #Rajahalu #SaveTaulany #SaveErinTaulany #OleOut",4/22/2019 10:02,1.12E+18,Rudi M Sitompul,Rudi_M_Sitompul,,hoax
Untuk Membuktikan apakah Prabowo gila Ato tidak maka harus di buktikan di pengadilan dgn menghadirkan dokter ahli jiwa untuk memastikan kejiwaan Prabowo.skaligus untuk membuktikan apakah Erin Taulany menghina Prabowo Ato Erin mengatakan kebenaran. #SaveTaulany #SaveErinTaulany,4/22/2019 9:58,1.12E+18,#JOKOWI TETAP PRESIDEN RI2019-2024Â ğŸ‡²ğŸ‡¨Â ğŸ‡²ğŸ‡¨Â ğŸ‡²ğŸ‡¨,carina_niken,,hoax
makjleb #SaveErinTaulany,4/22/2019 9:52,1.12E+18,anjelina,anjelin96159678,,hoax
#SaveTaulany #SaveErinTaulany #PrabowoHalu,4/22/2019 9:42,1.12E+18,Maria Magdalena Beriam,BeriamMaria,,hoax
#SaveTaulany #saveerintaulany ,4/22/2019 9:37,1.12E+18,Generasi Micin (FZ&FH),WPurnayadi,,hoax
#SaveTaulany #saveerintaulany #saveerintaulany,4/22/2019 9:36,1.12E+18,T.H_Ardianto,Pax_O_Pix,,hoax
#SAVEerintaulany #SAVENKRI Bantu sebarkan buat projo K pedulian sesama projo,4/22/2019 9:35,1.12E+18,Rizkywibowo,Rizkywi55601472,,hoax
#SAVEerintaulany #SAVENKRI Bantu sebarkan buat projo K pedulian sesama projo Bantu share,4/22/2019 9:33,1.12E+18,Rizkywibowo,Rizkywi55601472,,hoax
#SAVEerintaulany #SAVENKRI Bantu sebarkan buat projo K pedulian sesama projo Bantu share,4/22/2019 9:32,1.12E+18,Rizkywibowo,Rizkywi55601472,,hoax
#SAVEerintaulany #SAVENKRI Bantu sebarkan buat projo K pedulian sesama projo Bantu share,4/22/2019 9:32,1.12E+18,Rizkywibowo,Rizkywi55601472,,hoax
u apa ada #Saveerintaulany #SaveTaulany akhirnya ngeules ky gini.. hadeuhh...,4/22/2019 9:28,1.12E+18,SADAR,Demas06,,hoax
02 sinting berjamaah.. #SaveTaulany #SaveErinTaulany,4/22/2019 9:13,1.12E+18,Mahisa Agni,MahisaAgni4,,hoax
02 sinting berjamaah... #SaveTaulany #SaveErinTaulany,4/22/2019 9:12,1.12E+18,Mahisa Agni,MahisaAgni4,,hoax
Kurang ajar yg hack anda luar biasa hahhhaa #SaveErinTaulany,4/22/2019 9:06,1.12E+18,WOWOKALAH,dionhero,,hoax
@Fahrihamzah pecundang #SaveErinTaulany,4/22/2019 8:40,1.12E+18,Maisa,Maisa987,,hoax
#SaveTaulany #saveerintaulany,4/22/2019 8:39,1.12E+18,Roni Milanisti,Roni_Milanelo,,hoax
Iâ€™m blessed having you as President of Indonesian #JokowiWinElection #SaveForSrilanka #SaveErinTaulany,4/22/2019 8:36,1.12E+18,juni hegelstad,HegelstadJuni,,hoax
"Mungkin karena yg buat insta story adalah @erintaulany makannya heboh, coba kalo gue yg buat, pasti adem2 aja. Dia cuma repost pemberitaan media luar loh, dan emang agak ga sehat aja sih deklarasi kemenangan di saat penghitungan suara masi dilakukan #SaveTaulany #saveerintaulany",4/22/2019 8:32,1.12E+18,MTRSR,mutiarasari__,,hoax
Di tunggu parodi yg lain mas bro.. #SaveTaulany #SaveErinTaulany,4/22/2019 8:31,1.12E+18,â™ Jobbut,robert_samone,,hoax
#saveerintaulany,4/22/2019 8:30,1.12E+18,Ip Man,ep_freddy,,hoax
Umi pipik dulunya kan perempuan gk bener lalu tobat tpi stelah di tinggal suaminya kok jdi kumat lg ya (sepertinya) #SaveTaulany #SaveErinTaulany,4/22/2019 8:27,1.12E+18,TheHashTagForEvi,Supriatun9,,hoax
Saya dukung Bang Andre #2019mainpresidenpresidenan #SaveTaulany #saveerintaulany ,4/22/2019 8:12,1.12E+18,margi,marghizola,,hoax
"Paling gampang memang Koreksi kesalahan org lain , padahal 1 jari menunjuk ke orang lain 4 jari lain menunjuk diri sendiri. Tapi mana faham mereka , merasa manusia paling Bener sejagad .. #SaveTaulany #saveerintaulany ",4/22/2019 8:11,1.12E+18,@vennejo,vennejo,,hoax
"Istri Andre Taulany Resmi Dipolisikan, Tagar #SaveErinTaulany Langsung Viral ",4/22/2019 8:01,1.12E+18,Kanal247,kanal247dotcom,,hoax
#SaveTaulany #saveerintaulany,4/22/2019 7:59,1.12E+18,ined Takeda,TakedaIned,,hoax
#Saveerintaulany,4/22/2019 7:46,1.12E+18,YasHas,3363yasri,,hoax
Lha emang siting semuanya #saveerintaulany ,4/22/2019 7:32,1.12E+18,Thj,Thj95697572,,hoax
Mungkin dia sudah lelah... #SaveTaulany #saveerintaulany ,4/22/2019 7:31,1.12E+18,Maseko Jogja,MazexoD,,hoax
Penuh angkara murka karena bakal kekalahannya #SaveTaulany #SaveErinTaulany,4/22/2019 7:25,1.12E+18,Yusuf Istiawan,yusufdepunglor,,hoax
"Halah Pipik aja Koq ... BH, Celana Dalam sudah sudah Buka Semua utk Suami Orang. Sok...Sokan Bicara Moral Di Sosmed. Klo Uje Masih Hidup Gak sampe Spt ini Sok2 Jd HAKIM Wahabi Salafy. #SaveTaulany #SaveErinTaulany #politikdasamuka02",4/22/2019 7:24,1.12E+18,Lentera.NKRI #CintaTanahAir #BelaNegara,NkriLentera,,hoax
#SaveTaulany #SaveErinTaulany ,4/22/2019 7:07,1.12E+18,Service Ac Surabaya,ServiceAcSurab5,,hoax
codot bari ke senggol langsung ngamuk jadi geliii #SaveTaulany #SaveErinTaulany,4/22/2019 7:02,1.12E+18,@fand sufriadi,fand09098393,,hoax
#SaveTaulany #saveerintaulany ,4/22/2019 6:53,1.12E+18,Diana Elizabeth Kristianti,DianaEl90244202,,hoax
Gbr nya hoaks bro... editan. Lembaga tsb tdk ada di denmark. Itu lmbaga sosial dn kesenianbdi amrik klo gk salah. #02CurangTeriakCurang #SaveErinTaulany #SaveTaulany,4/22/2019 6:53,1.12E+18,Tukang Kayu,cemaragunung,,hoax
"kasihan kubu pecundang... mau buat baik utk tdk dipermalukan malah buat Hoax, Fitnah & Halu... sebetulnya apa yg dikatakan @erintaulany ttg kubu kampret betul 100% #saveerintaulany",4/22/2019 6:52,1.12E+18,#2019BaniPecatanmasukRSJ,astronelse,,hoax
#SaveTaulany #SaveTaulany #SaveTaulany #SaveTaulany #SaveErinTaulany,4/22/2019 6:48,1.12E+18,Indra Boris,inved_77,,hoax
Ahhciiiyaaapp pleciden!!! #SaveTaulany #saveerintaulany,4/22/2019 6:45,1.12E+18,Pelakor Syari,Chartika_PK,,hoax
Mana Patwal R1 nya? Halu tiada tara. Kalo patwal yang itu mah saat komunitas gue touring juga dikawal mirip gitu Dah bener yg dibilang Erin Taulany. Hahaha. #saveerintaulany ,4/22/2019 6:44,1.12E+18,M E I,kimochiii_,,hoax
"Coba deh loe pikir..,blm ada pengumuman uda ngaku menang,Syukuran 7 juta umat monaslimin,bikin spanduk pelantikan segede gaban sma ormas Anarkis,diarak kya Ondel, konfrensi smpe 3x ky minum obat..kalo Bukan SINTING, terus apa, Malih?? Ape loe,. Ape loe?? #SaveErinTaulany",4/22/2019 6:40,1.12E+18,Bagus3198,bagus3198,,hoax
Saya dan rekan2 pengacara siap bantu @erintaulany sukarela tanpa bayar. #SaveErinTaulany,4/22/2019 6:38,1.12E+18,"Budi S Djaja, S.H.",DjajaBudi,,hoax
Ekpresi dan ungkapan erintaulany adalah bentuk kritik rakyat thdp para pemimpin kita yg tdk menghormati proses konstitusional yg dilakukan oleh KPU #saveerintaulany,4/22/2019 6:35,1.12E+18,Aminullah,Aminull84612420,,hoax
"Yang dilaporin apa? Esensi dari postingan @erintaulany Atau kata Sinting, yang merupakan luapan emosi melihat satu kejadian yang menurut @erintaulany aneh #SaveErinTaulany",4/22/2019 6:34,1.12E+18,"Budi S Djaja, S.H.",DjajaBudi,,hoax
Kalo ada org pikirannya waras belum ada keputusan kpu trus koar2 dah mengklaim dirinya dah jadi Presiden Apakah itu masih di bilang waras?? Maaf cuma nanya #SaveTaulany #SaveErinTaulany ,4/22/2019 6:34,1.12E+18,sovie,Venty1402,,hoax
Gendeng #SaveTaulany #saveerintaulany,4/22/2019 6:32,1.12E+18,Diana Elizabeth Kristianti,DianaEl90244202,,hoax
Maklum yang kalah mah biasanya cengeng gtu #SaveErinTaulany ,4/22/2019 6:26,1.12E+18,WM_twiit19,WTwiit19,,hoax
Makasih mba erintaulany sudah mewakili suara saya #SaveErinTaulany ,4/22/2019 6:22,1.12E+18,sovie,Venty1402,,hoax
Sebaiknya tunggu hasil uji klinis dulu. #SaveTaulany #SaveErinTaulany,4/22/2019 6:20,1.12E+18,Hilmy Wanamulya,HilmyWanamulya,,hoax
#SaveTaulany #SaveErinTaulany ,4/22/2019 6:15,1.12E+18,Jokowi Baik,nixon_fs,,hoax
Sungguh Sinting.. Sangatt Sintingg.. Emanngg Sinnttingg.. Faktanya Dia Memang Sintinggg... #SaveTaulany #saveerintaulany,4/22/2019 6:08,1.12E+18,mama Azra,diansukawati,,hoax
#SaveErinTaulany ,4/22/2019 6:02,1.12E+18,odie.rdz,odie88rdz,,hoax
#SaveTaulany #saveerintaulany ,4/22/2019 5:58,1.12E+18,NINAS Madridista,lhena66,,hoax
#SaveTaulany #SaveErinTaulany news ,4/22/2019 5:58,1.12E+18,â‹† âšS Ê°áµ˜áµˆáµƒ ğ”„ğ”¤ğ”ğ”±ğ”¥ğ”âšŸ â„¢,shda_agatha,,hoax
Baru erin taulany yg brni mengatakan demikian lalu kalian kapan..? #saveErintaulany,4/22/2019 5:56,1.12E+18,jawir bmwijaya,BmwRentcar,,hoax
Kampret mmg sinting #SaveTaulany #SaveErinTaulany,4/22/2019 5:45,1.12E+18,M.Syarofi,iforays,,hoax
@fahrihamzah @Tsamara Seharusnya bang fahri hamzah juga hrus dilaporkan.......jangan didiamkan saja.... #SaveTaulany #saveerintaulany ,4/22/2019 5:37,1.12E+18,anak timur,ym0954028425,,hoax
Nhaa fahri hamzah juga hrus dilaporkan...kr ini sudh mencelah presiden kita saat ini. Knapa BKN hnya melaporkan mba erina sja......tolong BKN pkir intropeksi diri......jngn kr klian elit klian seenaknya sprti itu.... #SaveTaulany #saveerintaulany,4/22/2019 5:36,1.12E+18,anak timur,ym0954028425,,hoax
"Umurnya sudah tua, dan mungkin ini kesempatan terakhirnya...apapun di hallalkan untuk mencapai ambisinya... #SaveTaulany #saveerintaulany",4/22/2019 5:32,1.12E+18,FLORIUS MANAO,ManaoFlorius,,hoax
Mereka msih mncari strategi untk bisa mngibul dn membohongi masyarakat lgi..... Makanya tidk brani untk buka data skrng... #savetaulany #saveerintaulany,4/22/2019 5:29,1.12E+18,anak timur,ym0954028425,,hoax
Apaa yg udh ngedit2 foto presiden...ini jg penghinaan kepala negara... usut tuh akun fbnya nur fadilah... #SaveTaulany #saveerintaulany ,4/22/2019 5:27,1.12E+18,NINAS Madridista,lhena66,,hoax
"Ma..masakkin Soto ya. Siap..Soto ayam,Pak Plesiden.? Iya..Ayam Kampung ya. Siap,Pak Plesiden. Sinting... Husss,hati2,Pa..jgn keras2 bilang SINTING.Tetangga kita orgnya ngamukan. .. #SaveTaulany #saveerintaulany #JokowiWinElection #JokowiAminSudahMenang",4/22/2019 5:22,1.12E+18,Zulfan Prakarsa,Zulfanp1,,hoax
Jleeebbb!!! #saveerintaulany,4/22/2019 5:14,1.12E+18,farhanaz maharani,frhmahrani,,hoax
#SaveTaulany #saveerintaulany,4/22/2019 5:11,1.12E+18,Sisca Ambun,AmbunSisca,,hoax
Sama kampret mah gausa takut wqwq #SaveTaulany #SaveErinTaulany,4/22/2019 5:09,1.12E+18,BODO AMAT!,Nindaoktavia18,,hoax
"Biasa Baperan,,coba bayangkan seberapa pun sakitnya dihina,dicakimaki bapak Jokowi dan Ibunda masih tetap sabar dan tidak pernah membalas.. #saveerintaulany #SaveTaulany",4/22/2019 5:05,1.12E+18,Wyande_Wyn8173,Wyande8173,,hoax
#SaveErinTaulany,4/22/2019 5:04,1.12E+18,Diyah Sri,dsriw,,hoax
Lalu apa kabar yang selama ini menghina seorang presiden? #SaveErinTaulany #SaveTaulany,4/22/2019 5:02,1.12E+18,Maria Magdalena Beriam,BeriamMaria,,hoax
#SaveErinTaulany #SaveTaulany #JokoWinElection #JokowiAminSudahMenang,4/22/2019 5:01,1.12E+18,Jenny M Florida,JMarcellina,,hoax
Prabowo Cm Presiden Dari.Tgl.17.April.S/d.22.Mei.2019. #SaveErinTaulany. #PrabowoHalu. #PrabowoPresidenPresidenan,4/22/2019 4:58,1.12E+18,Muhamad Yuduf K,YudufMuhamad,,hoax
Baru segini saja hinaannya main lopar- lapor coba bayangkan seberapa sakit hinaan buat bapak Jokowi dan Ibundanya masih tetap sabar dan tidak membalas. #saveerintaulany #SaveTaulany,4/22/2019 4:56,1.12E+18,Wyande_Wyn8173,Wyande8173,,hoax
Kayaknya yg lebih nyinyir dan sadis dari Erin taulany lebih banyak dehh ke kubu sebelah #SaveErinTaulany,4/22/2019 4:41,1.12E+18,Hermanto,Hermant85039808,,hoax
Relawan yang gak mudah rela #SaveTaulany #saveerintaulany ,4/22/2019 4:39,1.12E+18,aidimulya,anduamreta,,hoax
Bagai mana ini umi pipik tolong pencerahan huwehuwe #saveerintaulany ,4/22/2019 4:36,1.12E+18,jenaka,pptpratama,,hoax
#saveerintaulany #SaveTaulany,4/22/2019 4:35,1.12E+18,Vanessa Lingga,vanliiing,,hoax
#SaveTaulany #SaveErinTaulany ,4/22/2019 4:35,1.12E+18,RagahLampung,di2_indra,,hoax
Halah lantas mereka bebas saja menghina Pak Jokowi dan hanya seupil orang bicara sedikit lantang langsung dibully. Prettt #saveerintaulany #SaveTaulany,4/22/2019 4:30,1.12E+18,Gust4f,Gust4f1,,hoax
#SaveTaulany #SaveErinTaulany,4/22/2019 4:28,1.12E+18,masbeth,masbeth4,,hoax
Erin berkata jujur kecuali dia bilang wowo waras baru pitnah #SaveTaulany #PrabowoHalu #SaveErinTaulany,4/22/2019 4:26,1.12E+18,Mawar T Wijaya,MawarTanuWijaya,,hoax
"Kalah ngaku menang,terus nyalahin Quick count .. nyalahin Tp yg nayangin Quick count..Nyalahin presiden..Nyalahin Erin Taulany.. #SaveTaulany #saveerintaulany",4/22/2019 4:25,1.12E+18,#JOKOWI TETAP PRESIDEN RI2019-2024Â ğŸ‡²ğŸ‡¨Â ğŸ‡²ğŸ‡¨Â ğŸ‡²ğŸ‡¨,carina_niken,,hoax
"Pak polisi setuju dg twett ..tolong jangan kau BEDA2KAN!!!! Jangan krn suaminya erin adalah andre taulany simpatisan jokowi sehingga gampang laporkan ke polisi, pdhl dari kelompoknya mereka banyak yg menghina Pak Jokowi presiden RI skrng loh!! #SaveTaulany #saveerintaulany ",4/22/2019 4:06,1.12E+18,Lismarindo,Lismarindo1,,hoax
Cuma mengingatkan bahwa bulan depan sudah mulai puasa. Semoga keributan2 politik mereda sehingga tak ada lagi hashtag2 yang membuat hati menjadi panas ketika membacanya. #MauMenangKokMainCurang #saveerintaulany #YoAyoKerjaLagi,4/22/2019 4:02,1.12E+18,rizky aji ohorgun,rizky_ajin,,hoax
#SaveTaulany #saveerintaulany ,4/22/2019 4:01,1.12E+18,Pipih Neng,PipihNeng1,,hoax
#SaveErinTaulany,4/22/2019 3:50,1.12E+18,Slamat,Slamat98010846,,hoax
#SaveTaulany #saveerintaulany ... supaya dirimu lekas sehat om genderuwooooo....,4/22/2019 3:48,1.12E+18,mas bogel,masbogs,,hoax
Kalau mau disebut waras maka bertindaklah sesuai nilai-nilai kewarasan #SaveTaulany #saveerintaulany,4/22/2019 3:47,1.12E+18,Intan Ratnasari,Intan_Ratnasari,,hoax
Tim BPN apa gk malu capresnya sampai diledekin anakÂ² #SaveErinTaulany #SaveTaulany CC : @sudirmansaid @Dahnilanzar @msaid_didu @rockygerung @ustadtengkuzul @haikal_hasaan @fadlizon @Fahrihamzah @sandiuno,4/22/2019 3:47,1.12E+18,ARek THampan,arek_thampan,,hoax
#saveerintaulany #SaveTaulany #PrayForSriLanka,4/22/2019 3:43,1.12E+18,Ego Yunizar Lubis,eggoyunizar,,hoax
"Woles cah ayu. Masa baru sama 1 yg katanya cebong betina @erintaulany sewotnya udah sampe ubunÂ². @jokowi malahan dihina, dicaci maki seabrek-abrek gerombolan vampir. Masa harus dibilang juga @kondangtitis sakit jiwa. #SaveTaulany #SaveErinTaulany #ErinTaulanyMasihWaras",4/22/2019 3:43,1.12E+18,Firman TM,iFir17,,hoax
DASAR SINTING!!!!!!! *Lapor sana lapor* dasar gila! #saveerintaulany kek gini kok org disuruh ngeliat sbg kewajaran bukan ketidakwarasan,4/22/2019 3:42,1.12E+18,farhanaz maharani,frhmahrani,,hoax
Tanpa di posting mba erin kita jga udah tau kalo emg GILA kalo ini sih sy mau sujud syukur krn mba erin membantu expresikan apa yg ada dihati saya dan seluruh msy yg muak melihat tingkah nya #saveerintaulany #SaveTaulany,4/22/2019 3:40,1.12E+18,farhanaz maharani,frhmahrani,,hoax
@erintaulany #saveerintaulany #SaveTaulany,4/22/2019 3:39,1.12E+18,Donny Octavian,DonnyOctavian,,hoax
@andretaulany74 #SaveTaulany #saveerintaulany,4/22/2019 3:34,1.12E+18,Donny Octavian,DonnyOctavian,,hoax
Kalah tapi ngaku2 #SaveTaulany #saveerintaulany,4/22/2019 3:29,1.12E+18,Diana Elizabeth Kristianti,DianaEl90244202,,hoax
KALAU KALAH NAGAKU MENANG NAMANYA APA YA .... Gila Stress Sinting #SaveTaulany #SaveErinTaulany,4/22/2019 3:28,1.12E+18,#JOKOWI TETAP PRESIDEN RI2019-2024Â ğŸ‡²ğŸ‡¨Â ğŸ‡²ğŸ‡¨Â ğŸ‡²ğŸ‡¨,carina_niken,,hoax
#SaveTaulany #saveerintaulany,4/22/2019 3:26,1.12E+18,mrs.gunardi,eva12730539,,hoax
#SaveTaulany #saveerintaulany ,4/22/2019 3:24,1.12E+18,Vera Isdijono,Viviesdijono64,,hoax
#SaveTaulany #saveerintaulany tetangga sebelah gue juga sinting kebngetan..,4/22/2019 3:19,1.12E+18,no boncos,no_boncos,,hoax
#SaveTaulany #SaveErinTaulany ,4/22/2019 3:16,1.12E+18,Poolgank,deckykris,,hoax
"Si OWO terlalu obsesi dengan jabatan Presiden! Apalagi dgn org org yg di sekitar si OWO, caci maki, hujat sana sini, giliran di balikin ga trima. NDESO! #SaveTaulany #SaveErinTaulany",4/22/2019 3:16,1.12E+18,Adhitya Indra P,AdhityaIndraP,,hoax
"Dibilang sakit jiwa, pendukungnya ngamuk. Klakuan kek org sakit jiwa tapi marah dibilang sinting. Trus kudu piyeeeee #saveerintaulany",4/22/2019 3:14,1.12E+18,Viantiara,EnyVianty,,hoax
"Ruko Blok C Tanah Abang Kebakaran, 14 Mobil Pemadam Kebakaran Dikerahkan #jakarta #berita #beritaterbaru #beritaterkini #beritanews #beritaviral #viral #kebakaran #tanahabang #kebakarantanahabang #EarthDay #MauMenangKokMainCurang #saveerintaulany ",4/22/2019 3:11,1.12E+18,Viral Hari Ini,viralhariini,,hoax
#SaveTaulany #SaveErinTaulany,4/22/2019 3:08,1.12E+18,Kreshna W. Linarda,KreshnaQuet,,hoax
Im with you mom. Youâ€™r not alone. cause being alone was suck!! #SaveTaulany #saveerintaulany,4/22/2019 3:07,1.12E+18,Debu Kasur,penikmatmigrain,,hoax
#saveerintaulany #PrabowoGila,4/22/2019 3:03,1.12E+18,kenangan masa lalu,julohufera,,hoax
#SaveErinTaulany Yg tegar mbak,4/22/2019 3:02,1.12E+18,Forman,Forman20969810,,hoax
#SaveTaulany #saveerintaulany Erin Taulany hanya melawan ketidakwarasan yang dibanggakan gerombolan yg berambisi berkuasa. #PemiluDamai @kpw3_kalsel,4/22/2019 3:02,1.12E+18,Mugiharto Wakhmadi,masmugyganteng,,hoax
#saveerintaulany,4/22/2019 3:02,1.12E+18,CDOB Sukabumi Utara,utara_sukabumi,,hoax
#SaveTaulany #saveerintaulany,4/22/2019 3:01,1.12E+18,Gatot Putra Subroto,gatotkacawdki,,hoax
"Politik itu emang buat kita geram, apalagi kalo sampai heboh dan melebihi lebihi prosedur #saveerintaulany ",4/22/2019 2:58,1.12E+18,WicakSono,PanduVVick,,hoax
"Yang penghinaan luar biasa itu adalah orang2 yg menghina pak jokowi yg statusnya sbg presiden..Presiden bonekalah, presiden sintinglah, Presiden planga plongolah dll itu ke presiden loh...tp pak jokowi nyantai aja.. #SaveTaulany , #saveerintaulany. ",4/22/2019 2:53,1.12E+18,Lismarindo,Lismarindo1,,hoax
#SaveTaulany #PrabowoHalu #saveerintaulany ,4/22/2019 2:52,1.12E+18,Jokowi2P,Cosukadisp69gm1,,hoax
@makLambeTurah sebenarnya @erintaulany itu ngomong fakta kok malah dibully? Heran dg cara berpikirnya gerombolan sebelah. #saveerintaulany #saveerintaulany,4/22/2019 2:50,1.12E+18,Toho Tama,tohotama,,hoax
"Mbak erin telah mewakili banyak orang yg ingin meyampaikan kebenaran, #SaveErinTaulany #SaveTaulany",4/22/2019 2:48,1.12E+18,Generasi Micin (FZ&FH),WPurnayadi,,hoax
#SaveTaulany #SaveErinTaulany,4/22/2019 2:46,1.12E+18,Duo_K,AtikSirait,,hoax
#saveerintaulany terus maunya di bilang apa dong?? Wong blm apa2 sudah mendeklarasikan menjadi presiden... maju teru mba Erin.. Taulany.. Allah tidak sarÃ©....,4/22/2019 2:45,1.12E+18,Soemadyo Soetaryo,SoemadyoSoetar1,,hoax
#saveerintaulany #SaveTaulany,4/22/2019 2:43,1.12E+18,ari wibowo,ariwibowo_1991,,hoax
Di negara mana pun di dunia. Pengawal presuden itu dari institusi resmi. Klu di Indonesia namannua PASPAMPRES. Terdiri dr TNI & POLRI. bukan curut2 Monaslimin. . Dibilang sinting Ngamuk. #SaveErinTaulany,4/22/2019 2:42,1.12E+18,Kang Prabu,KangPra53833391,,hoax
M. Firdaus (Pengacara Prabowo) Buronan RSJ Grogol..!!!! #SaveTaulany #SaveErinTaulany #SaveIstriAndreTaulani,4/22/2019 2:42,1.12E+18,Ben Avram #BEJO #JKW2P,RubenLumalessi1,,hoax
#SaveOurDemocracy #saveerintaulany #01JokowiAminSudahMenang,4/22/2019 2:40,1.12E+18,STAR- SUN STRONG,ongmar,,hoax
M. Firdaus Sakit Jiwa!!!! #SaveTaulany #SaveErinTaulany #SaveIstriAndreTaulani,4/22/2019 2:39,1.12E+18,Ben Avram #BEJO #JKW2P,RubenLumalessi1,,hoax
"Cara mereka Jahat namun diselimuti oleh putihnya Gamis... Orang yg punya akal sehat dan hati nurani pasti bertanya tanya, mengapa alurnya petinggi mereka menggunkan cara Hitam dibalik Putih.. Ya Allah Buka kan semua kejahatan sebenarnya.... #SaveTaulany #SaveErinTaulany ",4/22/2019 2:37,1.12E+18,hendokoretno,hendokoretno,,hoax
#SaveTaulany #SaveTaulany #saveerintaulany #SaveIstriAndreTaulani,4/22/2019 2:29,1.12E+18,shokhat sabana,danzsabana87,,hoax
"BPN jelas sengaja case ini dibumingkan untuk menarik militan 02 untuk turun kejalan, ingat Yah Jakarta Masih Jokowi , kita siap pasang badan, untuk rakyat yg di cekokin elite BPN.. #SaveTaulany #saveerintaulany",4/22/2019 2:26,1.12E+18,hendokoretno,hendokoretno,,hoax
Kampret paling bener emang Bener-bener bego #SaveTaulany #saveerintaulany,4/22/2019 2:24,1.12E+18,Jann-Fiete Arp,ArpJann,,hoax
#SaveTaulany #SaveTaulany #SaveTaulany #SaveErinTaulany #SaveTaulany #SaveErinTaulany #SaveTaulany #SaveErinTaulany,4/22/2019 2:24,1.12E+18,mimaciaen,MimMimaciaen,,hoax
#saveerintaulany suara rakyat di sampaikan terima kasih Erin,4/22/2019 2:22,1.12E+18,Adericho Orlando,orlandddoo,,hoax
#SaveErinTaulany,4/22/2019 2:22,1.12E+18,Nicko,husniabdulhalim,,hoax
#SaveTaulany #SaveErinTaulany ,4/22/2019 2:22,1.12E+18,hendokoretno,hendokoretno,,hoax
"jangan takut @erintaulany anda tdk sendiri, kami barsama anda, pak @jokowi tdk tinggalkan anda. #SaveTaulany #SaveErinTaulany",4/22/2019 2:21,1.12E+18,christian Peter,cp_bapathy,,hoax
#SaveTaulany #SaveErinTaulany ,4/22/2019 2:20,1.12E+18,hendokoretno,hendokoretno,,hoax
#SaveTaulany #SaveErinTaulany #SaveErinTaulany #SaveErinTaulany ,4/22/2019 2:16,1.12E+18,sovie,Venty1402,,hoax
"Belum jdi aja sdh seperti itu, gmna klo sdh jdi, yg demo2 dan kritik menentang mereka pasti hilang tnpa jejak... #SaveTaulany #SaveErinTaulany",4/22/2019 2:14,1.12E+18,JokoWinElection,ninos_sumando,,hoax
#SaveErinTaulany,4/22/2019 2:14,1.12E+18,Zulfan,Rockgar12,,hoax
"iyups betul sekali, setuju saya. #SaveTaulany #saveerintaulany ",4/22/2019 2:13,1.12E+18,Belly Argo,belly_argo,,hoax
"Ya kelakuanya kaya gitu gimana jg bikin geregetan, sebetulnya banyak orang yg pingin nulis lebih dari itu #SaveTaulany #saveerintaulany",4/22/2019 2:13,1.12E+18,Kristin,Kristin26825924,,hoax
"Tenang te.... #SaveTaulany #saveerintaulany Tak liatin dulu,nnti klo yg gila makin gila,tak laporke ALLAH swt... #02CurangTeriakCurang",4/22/2019 2:01,1.12E+18,westausehat,westausehat,,hoax
Si wowo kan emang SINTING beneran Bukan begitu @Fahrihamzah? #saveerintaulany ,4/22/2019 1:59,1.12E+18,Bambang ganteng,Bambang41208977,,hoax
#SaveTaulany #SaveErinTaulany ,4/22/2019 1:58,1.12E+18,sovita chandra,sov1sticated,,hoax
#SaveTaulany #SaveErinTaulany ,4/22/2019 1:56,1.12E+18,dARDIri dardak,dir1ku,,hoax
#SaveErinTaulany #SaveTaulany,4/22/2019 1:54,1.12E+18,Anflo,Anflo42562803,,hoax
#SaveTaulany #SaveErinTaulany ,4/22/2019 1:50,1.12E+18,IG : @martendoank27,martendoank,,hoax
#SaveTaulany atau #SaveErintaulany dlm kejadian #ErintaulaniSakitJiwa itu menyelesaikannya sebenernya mudah; coba aja suruh yg dituduh pny masalah kejiwaan tes kesehatan jiwa spt halnya pd saat Pak @jokowi dituduh PKI tp malah beliau yg disuruh tes DNA.,4/22/2019 1:48,1.12E+18,Ratri Seto Respati,r_setorespati,,hoax
#saveerintaulany #SaveTaulany,4/22/2019 1:46,1.12E+18,roosie setiawan,roosie13,,hoax
#saveerintaulany ,4/22/2019 1:44,1.12E+18,Desya Â ğŸ™#HOKI Â ğŸ˜Š,GandiDesyaNatan,,hoax
Mmm #SaveTaulany #SaveTaulany #saveerintaulany #saveerintaulany #SaveTaulany #SaveTaulany #saveerintaulany #saveerintaulany ,4/22/2019 1:43,1.12E+18,Fiktor Lubis,fiktorlubis,,hoax
#SaveTaulany #saveerintaulany #SaveTaulany #saveerintaulany,4/22/2019 1:40,1.12E+18,Roni Milanisti,Roni_Milanelo,,hoax
SINTING !!!!!!! @prabowo @sandiuno @fadlizon @Dahnilanzar @andre_rosiade @Fahrihamzah @FaldoMaldini @haikal_hassan Kalian ikutan GILA karena #PrabowoGila #SaveTaulany #saveerintaulany ,4/22/2019 1:40,1.12E+18,JAY 4ever,JAY4ever83,,hoax
Mereka maha benar #saveerintaulany #SaveTaulany #SaveTaulany,4/22/2019 1:39,1.12E+18,T.H_Ardianto,Pax_O_Pix,,hoax
#SaveErinTaulany #SaveTaulany,4/22/2019 1:35,1.12E+18,aku sayang diriku,EnjelaPasca,,hoax
"Erin Taulani jgn takut, km tdk sendiri #SaveTaulany #SaveErinTaulany",4/22/2019 1:35,1.12E+18,christian Peter,cp_bapathy,,hoax
#SaveErinTaulany #SaveTaulany Semoga Tuhan melindungi mbak Erin dan mas Andre,4/22/2019 1:34,1.12E+18,Hana,HanaNuraini07,,hoax
@prabowo SINTING!!! NISTA GW DONG! #SaveTaulany #saveerintaulany,4/22/2019 1:28,1.12E+18,Che,aryanggim,,hoax
#SaveErinTaulany #SaveTaulany,4/22/2019 1:18,1.12E+18,stephanus cahyo adiraja,papiabel,,hoax
Kalo ngenggol demen bgt.. giliran disenggol.. marah.. #saveerintaulany #SaveTaulany,4/22/2019 1:13,1.12E+18,Tina Kristina,TinaKri94208346,,hoax
#saveerintaulany,4/22/2019 1:12,1.12E+18,IG : @martendoank27,martendoank,,hoax
#SaveTaulany #SaveErinTaulany #SaveSanity,4/22/2019 1:10,1.12E+18,(bukan) Power Ranger Merah,WongisJawanicus,,hoax
"Jokowi dihina, difitnah, dicaci beliau tetap diam. TKN kalau mau marah seperti BPN bisa, tapi Jokowi & TKN tetap sabar. Giliran dikatain gini doang sama erin taulany BPN ngamuk wkwkwk. Auk ah si wowo #saveerintaulany ",4/22/2019 1:08,1.12E+18,dikitlagilulus,otwkuliah,,hoax
Sintingggg #SaveErinTaulany #SaveTaulany,4/22/2019 1:08,1.12E+18,Margareth,Hapsariratih1,,hoax
Mainan kita waktu bocah..akhirnya anak2 milenial memainkan juga #SiapPresiden #BantuKawalPemilu #SaveTaulany #saveerintaulany,4/22/2019 1:07,1.12E+18,Margareth,Hapsariratih1,,hoax
#Savetaulany #Saveerintaulany ,4/22/2019 1:06,1.12E+18,Julius Deddy Damara,jdeddydamara,,hoax
"#SaveTaulany Baru purak purak presiden, bolonya sudah nmpak ditaktor.. #SaveTaulany #SaveTaulany #saveerintaulany #JokowiWinElection",4/22/2019 0:58,1.12E+18,"Endro Prayetno, ST",EndroWongCilik,,hoax
Trus gimana sama mreka yg slama ini ngehina jokowi??? Knapa tidk dilaporkan juga???? Mereka2 yang slama ini hina2 jokowi...tp seorng jokowi ttp diamkan sja...loh ini bru sprti itu lngsng dilapirkan ke polisi....mereka ngak intropeksi dirj ya.. #SaveTaulany #saveerintaulany,4/22/2019 0:58,1.12E+18,anak timur,ym0954028425,,hoax
"Erin sudah betul kok... capres kalah tapi ngaku2 sudah menang dan mendeklarasikan kemenangannya sampe berkali2, apa namanya? SINTING atau bukan? #SaveTaulany #saveerintaulany",4/22/2019 0:57,1.12E+18,#01TheChampion,liongfingo,,hoax
ini kok pada baper dah. dikatain sinting sekali aja uda lapor. gmna presiden kita yg uda dicaci maki sejak dia masih nyapres? #SaveTaulany #SaveErinTaulany,4/22/2019 0:57,1.12E+18,siapa juga yang,m_aulidia,,hoax
Terlalu..... #SaveErinTaulany,4/22/2019 0:47,1.12E+18,Adnan Dasuki,AdnanDasuki99,,hoax
Elit politik yg menghujat pak Jokowi PLANGA PLONGO dan SINTING aman2 aja tuh..padahal Pak Jokowi adalah Presiden RI yg beneran dan sah secara konstitusional sbg SIMBOL NEGARA (bukan presiden HaiTI loh) #SaveTaulany #saveerintaulany,4/22/2019 0:47,1.12E+18,Beng Beng,RudiAkbar27,,hoax
#SaveTaulany #SaveErinTaulany,4/22/2019 0:47,1.12E+18,siti khanifah,sitikhanifah05,,hoax
Eh btw gak ada yg mau bikin senjata nuklir nih? #saveerintaulany #SaveTaulany,4/22/2019 0:46,1.12E+18,WSMV,AWSM1985,,hoax
Mereka2 itu sudh ngak bisa intropeksi diri lagi makanya kaya gitu. #SaveTaulany #saveerintaulany,4/22/2019 0:44,1.12E+18,anak timur,ym0954028425,,hoax
"#saveerintaulany kalo kata SINTING dipermasalahkan BPN 02, maka manusia ini @Fahrihamzah harusnya juga DIPROSES HUKUM ... #02PanikKalah",4/22/2019 0:38,1.12E+18,Ambrosius LM,ambrossssssssss,,hoax
#saveerintaulany ,4/22/2019 0:36,1.12E+18,eska haryanto,sk_haryanto,,hoax
Trus mreka2 yg slama ini hina2 jokowi gimana???? Itu penistaan apa bukan?? Aneh2 sja mreka....karena takut kalah makanya skrng mreka mulai mencari2 keslahan orng lain. Bukannya intropeksi diri mreka malahan mlai cri2 cara sprti itu. #saveerintaulany #SaveTaulany,4/22/2019 0:36,1.12E+18,anak timur,ym0954028425,,hoax
"Trus yg hina2 pak jokowi apakah itu bukan keterlaluan.???? Bung fadli zon, apakah bukan keterlaluan????? Intropeksi diri dong....jngn hanya mau mempersalahkan orang lain...sdangkan diri kita tidk kita periksa ..apakah bnar atau tidk??? #saveerintaulany",4/22/2019 0:33,1.12E+18,anak timur,ym0954028425,,hoax
"Di negara saya, ada yang main presiden-presidenan, deklarasi-deklarasian dengan dasar survei diem-dieman, data realcount-realcountan, abis itu dilantik rakyat-rakyatan. Semua itu emang cuma main-mainan. Cuma SINTINGnya yang beneran #SaveTaulany #SaveErinTaulany #02PanikKalah",4/22/2019 0:32,1.12E+18,ARMAWARA,armawaras,,hoax
mau penghasilan tambahan? cek profile gan. #saveerintaulany #TernyataBesokSenin #DaruratC1Plano,4/22/2019 0:30,1.12E+18,My BTC,my_freebtc,,hoax
#SaveErinTaulany #SaveTaulany,4/22/2019 0:27,1.12E+18,siti khanifah,sitikhanifah05,,hoax
#saveerintaulany #SaveTaulany,4/22/2019 0:23,1.12E+18,Lizza Omar,ZAhra019,,hoax
#saveerintaulany #SaveTaulany yg waras mengalah saja. Biarkan yg sakit jiwa teriak2 karena memang mereka lagi sakit jiwa. Udah kalah kok ngaku2 menang. Situ sehat pak??,4/22/2019 0:23,1.12E+18,Ucik,UcikCuiit,,hoax
#saveerintaulany ,4/22/2019 0:22,1.12E+18,Memes Asih,memes_asih,,hoax
#SaveTaulany #SaveErinTaulany,4/22/2019 0:19,1.12E+18,siti khanifah,sitikhanifah05,,hoax
#SaveErinTaulany,4/22/2019 0:16,1.12E+18,Leo Agustinus Yuwono,leoyuwono,,hoax
#SaveTaulany #SaveErintaulany,4/22/2019 0:15,1.12E+18,yusrin,ucinkamba,,hoax
#saveerintaulany #saveerintaulany #saveerintaulany,4/22/2019 0:15,1.12E+18,kebo,sayatetepdedy,,hoax
"#SaveTaulany #SaveErinTaulany Pokoknya gw dukung kalian, ini cuma kekesalan saja karna gw jg muak dg presiden2an begini... @andretaulany74 @erintaulany",4/22/2019 0:14,1.12E+18,Muhammad Sholeh,come_soleh,,hoax
#saveerintaulany,4/22/2019 0:10,1.12E+18,Lizza Omar,ZAhra019,,hoax
#SaveTaulany #SaveErinTaulany,4/22/2019 0:07,1.12E+18,adi_s,adisbt,,valid
Kalo dia mah raja sinting #SaveTaulany #SaveErinTaulany,4/22/2019 0:04,1.12E+18,OpaDarmanto,darmanto0802,,valid
"Pak jokowi dihina macem2 gitu kalian diam2 aja,giliran dia dihina balik kyk kebakaran jenggot nya. #saveerintaulany",4/22/2019 0:04,1.12E+18,Lizza Omar,ZAhra019,,valid
Semangat dan tetap kuat #saveerintaulany,4/22/2019 0:03,1.12E+18,Lhina,Lhina83880334,,valid
Erin taulany jadi Korban kegilaan Capres stress!!! #saveerintaulany #PrabowoGilaJabatan!!!,4/22/2019 0:02,1.12E+18,Gamer Noob! Â ğŸ¤“,Ian_Yosha,,valid
#saveTaulany #saveerintaulany,4/21/2019 23:59,1.12E+18,wansinghong,iwan_11nop,,valid
#SaveTaulany #saveerintaulany ,4/21/2019 23:58,1.12E+18,Holiness Purba,Hestekinaja_,,valid
#saveerintaulany bagaimanapun jujur lebih baik,4/21/2019 23:58,1.12E+18,Simboke Genduks,purwati_ary,,valid
Sekedar menolak KeTIDAKWARASan #SaveTaulany #saveerintaulany,4/21/2019 23:55,1.12E+18,Anie R.A Sampoerna,AnieQueen_,,valid
Preeettt... #saveerintaulany,4/21/2019 23:49,1.12E+18,AwayShenjh,awaytwitt,,valid
#saveerintaulany #savetaulany,4/21/2019 23:48,1.12E+18,poor,pandapink89,,valid
"Klo mau tentram jaga lisan, kebebasan berpikir, berucap anda hari ini tdk hanya dibatasi UU ITE tp jg dibatasi oleh perasaan org lain #ErintaulanySakitJiwa #saveerintaulany",4/21/2019 23:36,1.12E+18,Achmad Yunus,GusYunus,,valid
"Nah blom berkuasa aja udh kayak gini..,coba waktu bpk jowoki di hina sama kubu mereka??? #saveerintaulany #SaveTaulany #BantuKawalPemilu #JokowiWinElection",4/21/2019 23:31,1.12E+18,Donovan,ivankastara,,valid
Ingatt Mereka Habib pernah berkata Banci pada presiden Jokowi .... #saveerintaulany,4/21/2019 23:30,1.12E+18,hendokoretno,hendokoretno,,valid
#SaveErinTaulany #SaveTaulany,4/21/2019 23:30,1.12E+18,SIWON werockabilly weroatmowireja,siwon_w_w,,valid
#SaveErinTaulany Mungkin Krn artis jd booming... Coba kita cebong...ahkkkk mana berani ya kan lurrrrr...,4/21/2019 23:29,1.12E+18,ğŸ‡²ğŸ‡¨Anak Indonesia Â ğŸ‡²ğŸ‡¨,lenizabet80gma1,,valid
#SaveTaulany #SaveErinTaulany ,4/21/2019 23:29,1.12E+18,"Hariawan, Gusti Ngrh",balikurumatrans,,valid
#SaveErinTaulany #SaveTaulany,4/21/2019 23:20,1.12E+18,nindy septiana,naendyz,,valid
#SaveTaulany #SaveErinTaulany ,4/21/2019 23:13,1.12E+18,Common sense,Yuvosila_Fraser,,valid
#PrabowoMenangHoax #PrabowoGila #PrabowoHaluSandiagaMalu #PrabowoSinting #SaveTaulany #SaveErinTaulany,4/21/2019 23:12,1.12E+18,PhyxiuS,Ferr_di_an,,valid
Yuk teman-teman bantu gaungkan trus tagar #SaveTaulany dan #SaveErinTaulany #SaveTaulany #SaveErinTaulany,4/21/2019 23:07,1.12E+18,Mas_Ugyh,MasUgyh,,valid
"Mungkin @Fahrihamzah lupa apa pura pura lupa, mungkin anda lagi sibuk cari tweet anda ini trus mau di hapus ya. Hehehe #SaveTaulany #saveerintaulany ",4/21/2019 23:07,1.12E+18,Rangga Putra Â®,pratamarangga65,,valid
#saveerintaulany,4/21/2019 22:56,1.12E+18,Felix S. Hasamin,fhasamin,,valid
"Dan kalau dibilang senteng, gila, sakit jiwa marah2,,, padahal lebih senteng dr orang senteng, lebih gila dr orang gila, lebih sakit jiwa dr orang sakit jiwa,,,, #SaveErinTaulany",4/21/2019 22:56,1.12E+18,Bang Tinok,BangTinok,,valid
#saveerintaulany,4/21/2019 22:56,1.12E+18,Felix S. Hasamin,fhasamin,,valid
#saveerintaulany,4/21/2019 22:55,1.12E+18,Felix S. Hasamin,fhasamin,,valid
Ini kalau dilaporin udah berapa ratus orang yg ketangkep. #SaveTaulany #saveerintaulany ,4/21/2019 22:55,1.12E+18,Rangga Putra Â®,pratamarangga65,,valid
#SaveTaulany #SaveErinTaulany ,4/21/2019 22:46,1.12E+18,Aliya Muhib,ddarzah95,,valid
#savetaulany #saveerintaulany ,4/21/2019 22:41,1.12E+18,Marta Devira,Mrtadvira,,valid
@andretaulany74 @erintaulany #SaveTaulany #SaveErinTaulany #staystrongandretaulany,4/21/2019 22:40,1.12E+18,Aliya Muhib,ddarzah95,,valid
Nah! #SaveTaulany #SaveErinTaulany ,4/21/2019 22:33,1.12E+18,Chavals,charonita,,valid
"Mungkin mbak Erin terlalu jujur khum @CakKhum kagak bisa kayak Loe khum,,,, harusnya mbak Erik bilang: Prabowo itu sangat baik di mata kudanya #SaveErinTaulany",4/21/2019 22:20,1.12E+18,Bang Tinok,BangTinok,,valid
"Yaelaah.. yg hina om @prabowo di Indonesia itu banyaaaakkkk.... ga lbh sedikit dr yg hina pakde @jokowi Cm krn kl ini istri artis yg bcr jd dibuat heboh Udah dehh jangan pd cari panggung.. klo semua naik, ntar panggungnya rubuh. Mauu..? #SaveTaulany #SaveErinTaulany",4/21/2019 22:18,1.12E+18,ForeverYoung,amellbuitenzorg,,valid
"Apa kabar dengan Fahri Hamzah yang bilang Jokowi sinting & Fadli Zon yang bilang Jokowi PKI, kenapa gaada yang melaporkan mereka berdua sampai sekarang?? #SaveTaulany #saveerintaulany",4/21/2019 22:14,1.12E+18,justatadpole,kecebonglucu_,,valid
Nyata memang sakit siyap plesiden !! #SaveTaulany #saveerintaulany ,4/21/2019 22:06,1.12E+18,SagÂ âš½q_MahakamRiverÂ âœŒJKW2Priode,DaykenUreq,,valid
#SaveErinTaulany,4/21/2019 21:59,1.12E+18,arief dwi cahyono,adc1408,,valid
Ketersinggungan tidak otomatis membuat anda benar #saveerintaulany #SaveTaulany,4/21/2019 21:51,1.12E+18,Enong Khairi,EnOnG_19,,valid
#SaveErinTaulany #SaveTaulany,4/21/2019 21:51,1.12E+18,Roni Syahroni,roni_ibrahim78,,valid
#SaveTaulany #saveerintaulany,4/21/2019 21:48,1.12E+18,Mel Warga 01,warga_01,,valid
#SaveTaulany yg dibilang emak2 gaul nyata gk spt yg dibilang si mulut mencong itu #SaveTaulany #saveerintaulany,4/21/2019 21:45,1.12E+18,SagÂ âš½q_MahakamRiverÂ âœŒJKW2Priode,DaykenUreq,,valid
#SaveTaulany #saveerintaulany ,4/21/2019 21:45,1.12E+18,anTIK_Arini,AAntikarini,,valid
#SaveTaulany #saveerintaulany,4/21/2019 21:39,1.12E+18,ira humaira,BilqisKhira,,valid
#SaveTaulany #SaveErinTaulany,4/21/2019 21:38,1.12E+18,dian sasthri,sasthriyu,,valid
Mari selamatkan dia dari ikut ikutan kesintingan cebong #saveerintaulany,4/21/2019 21:32,1.12E+18,Pemburu Kadu,Dery24563043,,valid
#saveerintaulany #TampolFahryHamzah,4/21/2019 21:30,1.12E+18,IndraWL,wl_indra,,valid
"andaipun menang, apakah orang dewasa yang waras akan mau dipanggil presiden, padahal belum ada hasil resmi apalagi dilantik MPR. #SaveTaulany #saveerintaulany",4/21/2019 21:27,1.12E+18,Yayok,Yayok99664839,,valid
#SaveTaulany #SaveErinTaulany #TampolFachryHamzah,4/21/2019 21:24,1.12E+18,IndraWL,wl_indra,,valid
#SaveTaulany #SaveErinTaulany,4/21/2019 21:22,1.12E+18,IndraWL,wl_indra,,valid
",..Seperti biasa teriakan tidak jelas tanpa mau membuktikan,..untuk tampil memalukan diri sendiri,.. #saveerintaulany #SaveTaulany",4/21/2019 21:22,1.12E+18,Hermansjah DHA,hermansjahdha,,valid
"Ya sudah lah ga usah repot. ANggap aja begitu kan sudah sama2 enak. Dia enak dianggap waras, situ enak liat yg minta dianggap waras. #SaveTaulany #saveerintaulany",4/21/2019 21:22,1.12E+18,Permadi #OPT1MIS,PermadiReds,,valid
",..Orang seperti ini harus nya di bumi hanguskan di republik ini,..masih saja ada kaum yang selalu memakai dalil untuk menghalalkan segalanya dipercaya walaupun fitnah di depan nyata,.. #SaveTaulany #saveerintaulany",4/21/2019 21:18,1.12E+18,Hermansjah DHA,hermansjahdha,,valid
Expresi kekesalan ...ya wajarlah #saveerintaulany #saveerintaulany #saveerintaulany #saveerintaulany #saveerintaulany,4/21/2019 21:11,1.12E+18,Asther Busser,AstherJkt,,valid
#SaveTaulany #SaveErinTaulany #saveerintaulany ,4/21/2019 21:11,1.12E+18,Firdaus Juven MBA,Bimagroup,,valid
#SaveTaulany #SaveTaulany #SaveTaulany #SaveErinTaulany #SaveErinTaulany #SaveErinTaulany,4/21/2019 21:03,1.12E+18,Heri Indra,Heri_Indra31,,valid
"Erin Tulany sangat vokal, cerdas waras Bagaikan Kartini jaman NOW Bravo Erin Tulany #saveerintaulany",4/21/2019 20:46,1.12E+18,sabar setiabudi,sabar_setiabudi,,valid
#SaveTaulany #saveerintaulany,4/21/2019 20:34,1.12E+18,#Jokowi2Periode,reviera141,,valid
#saveerintaulany Kamu betul,4/21/2019 20:22,1.12E+18,roosie setiawan,roosie13,,valid
#SaveTaulany #SaveErinTaulany,4/21/2019 20:19,1.12E+18,Adeadeo,adea_deo,,valid
#SaveErinTaulany,4/21/2019 20:12,1.12E+18,SUGIARTI,sugiarti_yo,,valid
Pancen 02 MENGONG berjamaah #SaveTaulany #saveerintaulany,4/21/2019 20:10,1.12E+18,Tika van Steenveldt,tika_sekti,,valid
#saveerintaulany,4/21/2019 20:10,1.12E+18,Zulfan Sikumbang,ZulfanSikumbang,,valid
@RizmaWidiono ..prabowo harus cek kejiwaan #SaveErinTaulany,4/21/2019 20:09,1.12E+18,dsatoto,totok9nine,,valid
Aahhh ciap pleciden #saveerintaulany,4/21/2019 20:01,1.12E+18,#SINTING#saveerintaulany,Juan_ramosh,,valid
Trueeeee..... #SaveTaulany #saveerintaulany ,4/21/2019 19:29,1.12E+18,supermanalive,Judgebao5,,valid
Ashiiaap #saveerintaulany #saveerintaulany #saveerintaulany #SaveTaulany #SaveTaulany #SaveTaulany,4/21/2019 19:28,1.12E+18,ImAM S.,imamsant054,,valid
"Lagi banyak yg hestek #saveerintaulany, disinilah letak akal sehat, masa orang salah dibelain yang benar itu, Save As Pelaku di penjara. ",4/21/2019 19:26,1.12E+18,mahluk hidup,belumdipake,,valid
Wkwkwkwkwk....berharap e #saveerintaulany,4/21/2019 19:25,1.12E+18,#SINTING#saveerintaulany,Juan_ramosh,,valid
Gunakan otak sbgmana mestinya.. #SaveTaulany #saveerintaulany ,4/21/2019 19:11,1.12E+18,djeto catur,djeto_catur,,valid
"Yg penting sudah... Siap..., Presiden. #02CurangTeriakCurang #SaveErinTaulany",4/21/2019 19:06,1.12E+18,ğŸ‡®ğŸ‡©Armyworm Â ğŸ¦‡Â ğŸ”«,kolo_munyeng99,,valid
Siapa sebenernya yg lebih keterlaluan? Erin taulany atau kalian para pembully masal? #saveerintaulany ,4/21/2019 19:04,1.12E+18,Rahayuning R Joeda,Rizkitaj,,valid
#SaveTaulany #saveerintaulany,4/21/2019 18:57,1.12E+18,A. Ulya,Fandi08946346,,valid
Goodnight #jogja #EVEMUN #Jus2_FOCUSTOURinJKT #saveerintaulany #ë°©íƒ„ì†Œë…„ë‹¨ #HappyEaster Sorry ribet hahaha,4/21/2019 18:57,1.12E+18,Gadis Desa,xAngelissa,,valid
Adu data ja berani gak???? #saveerintaulany #SaveTaulany,4/21/2019 18:55,1.12E+18,Ulil Azmi,MrUlilAzmi,,valid
#SaveTaulany #SaveErinTaulany,4/21/2019 18:43,1.12E+18,mrs.herlambang,mrs_herlambang,,valid
#SaveTaulany #SaveErinTaulany,4/21/2019 18:38,1.12E+18,P. Nugroho Â ğŸ‡®ğŸ‡©,nuook,,valid
ga ke bayang jika 02 memipin bisa2 di kritik dikit langsung deh di penjarain #SaveTaulany #SaveErinTaulany,4/21/2019 18:37,1.12E+18,dwi,dwi21105945,,valid
#SAVEERINTAULANY,4/21/2019 18:24,1.12E+18,Prabu Joyoboyo,Jermia62369646,,valid
"Mau DM istrinya andre taulani kasih semangat, tpi tdk punya IG. #saveerintaulany",4/21/2019 18:16,1.12E+18,AnaknyaSUHARTO,AnaknyaSuharto,,valid
"Sebagai seorang laki-laki mungkin saya hanya pengecut. Terimakasih Erin Taulany telah mewakili suara kami. Selamat Hari Kartini untuk para perempuan hebat. Jejak digital itu kejam, berhati-hati lah. #SaveTaulany #saveerintaulany ",4/21/2019 18:12,1.12E+18,musang,jodhyregar_7,,valid
Aku sih yes #SaveTaulany #SaveErinTaulany ,4/21/2019 18:11,1.12E+18,Julian F Tambunan,julianjft,,valid
#saveerintaulany,4/21/2019 18:05,1.12E+18,Brohoell,Brohoell,,valid
"Ayo @Fahrihamzah @ustadtengkuzul @fadlizon @Dahnilanzar @saididu tunjukan kejantanan mu, BERANI!!!.. Buat lu @Fahrihamzah jgn cuma koar2 di Sosmed.Tunjukan klo versi kalian lebih akurat.. #SaveErinTaulany ",4/21/2019 18:05,1.12E+18,EmLasdy,EmLasdy,,valid
"Lahhhh, Terus Pak Jokowi dihina Selama 4,5 tahun sekeji itu anda diam saja. Dan yang dihina itu adalah simbol negara. Dan kalaupun Pak Jokowi mau mereka bisa saja dilaporkan. #Jokowi2Periode #SaveErinTaulany #AkalSehat #mikir",4/21/2019 18:02,1.12E+18,masyuli,setyoyuli032,,valid
#SaveTaulany #saveerintaulany ,4/21/2019 17:54,1.12E+18,Kang Daun,daunbk,,valid
Gitu dong tunjukin bukti #SaveTaulany #SaveErinTaulany,4/21/2019 17:53,1.12E+18,Madie,bomalbae,,valid
Tunjukin data dong... pengen tahu katanya jujur ko masih rahasia2an sih... nanti salah faham lho #SaveErinTaulany #SaveTaulany,4/21/2019 17:51,1.12E+18,Madie,bomalbae,,valid
#SaveTaulany #SaveErintaulany ,4/21/2019 17:50,1.12E+18,Rizal Valentino,R1z4LvaL3nTin0,,valid
#saveerintaulany ... Aku sih Yes,4/21/2019 17:44,1.12E+18,PhilipS,petromak_lampu,,valid
#SaveTaulany #saveerintaulany ,4/21/2019 17:39,1.12E+18,Wiwin,Wiwin97160658,,valid
Salam Waras ! #SaveTaulany #saveerintaulany,4/21/2019 17:39,1.12E+18,JAKA TARUNG,tarung_jaka,,valid
#saveerintaulany,4/21/2019 17:25,1.12E+18,Abdi Suwito,AsSuwito,,valid
#SaveErinTaulany,4/21/2019 17:22,1.12E+18,Ellyana Y,Ellyana26721473,,valid
#BantuKawalPemilu #SaveTaulany #SaveErintaulany,4/21/2019 17:20,1.12E+18,Mahisa Agni,MahisaAgni4,,valid
#SaveTaulany #SaveErintaulany,4/21/2019 17:18,1.12E+18,Mahisa Agni,MahisaAgni4,,valid
Keep Strong Bu #saveerintaulany #savetaulany,4/21/2019 17:16,1.12E+18,Michael Ahonk,mike_ahonk8,,valid
Erin memgungkapkan perasaan yang terdalam di hatinya.. eeh di laporin polisi.. ungkapan erin ada dasarnya.. ga asal dan bukan iseng.. org jujur di laporkan polisi.. nyebarin fakta dilaporkan ke polisi oleh penyebar hoax.. #SaveTaulany #SaveErinTaulany #PrabowoGila,4/21/2019 17:15,1.12E+18,JOHN VAN WILLEM,yogantercinta,,valid
Erin Taulany mewakili kegusaran saya...dan muak nya saya pada si MEGALOMANIA itu #SaveTaulany #SaveTaulany #SaveErinTaulany,4/21/2019 17:14,1.12E+18,Riezkimo,Parkkimmang,,valid
Ayo kita retweet semua yg menghina pak jokowi #SaveTaulany #saveerintaulany,4/21/2019 17:14,1.12E+18,Wiwin,Wiwin97160658,,valid
Dulu terima hasil QC...sekarang kagak...mau menang aja kagak mau kalah eeeuyyy ! Cc. @Gerindra #savetaulany #SaveErinTaulany #TNIPolriPahlawanPemilu,4/21/2019 17:10,1.12E+18,Yung369 #WelcomeBackBTP,yungyung369,,valid
Lagi santai. Jadi bantu tweet Save Erin Taulany. #saveerintaulany #savetaulany,4/21/2019 17:10,1.12E+18,Irsan S,HaoTweet,,valid
#SaveTaulany #saveerintaulany,4/21/2019 17:08,1.12E+18,Kreshna W. Linarda,KreshnaQuet,,valid
Yup..menolak lupa...lain dulu...lain sekarang...plintat plintut ! Cc. @Gerindra #savetaulany #SaveErinTaulany #TNIPolriPahlawanPemilu,4/21/2019 17:06,1.12E+18,Yung369 #WelcomeBackBTP,yungyung369,,valid
Erin salah yg benar prabowo dan pengikutnya pada sinting semua. #SaveTaulany #SaveErinTaulany,4/21/2019 17:05,1.12E+18,Mawar T Wijaya,MawarTanuWijaya,,valid
"#SaveTaulany Serius mau tanya. Kl ini lanjut ke jalur hukum, apakah akan dilakukan test kejiwaan kpd pak prabowo utk membuktikan dia tdk gila seperti yg dituduhkan dan tuduhan @erintaulany itu salah.. @andretaulany74 yg sabar ya mas, support selalu istri anda #saveerintaulany",4/21/2019 17:05,1.12E+18,amin hidayat,aminnissan,,valid
Kocak #SaveTaulany #saveerintaulany,4/21/2019 17:04,1.12E+18,ãƒˆãƒŸãƒ¼ç™½ Tà«¦É±Ä«Ï‚ÒºÉ¿Õà«¦â„¢,SamuraiTomiyuki,,valid
Yang pasti harus... #SaveTaulany #saveerintaulany,4/21/2019 17:03,1.12E+18,samsudin102 #88,samsudin102,,valid
Pak Ahok @basuki_btp memang fenomenal...musuh yg paling ditakutin gerombolan wowo setelah Pakde JKW ! #savetaulany #SaveErinTaulany #TNIPolriPahlawanPemilu,4/21/2019 17:03,1.12E+18,Yung369 #WelcomeBackBTP,yungyung369,,valid
Yang ini? #SaveTaulany #saveerintaulany #SaveOurDemocracy,4/21/2019 17:01,1.12E+18,Numai,Numai96356911,,valid
RT infoJATIASIH RT yusuf_dumdum: Yuk teman teman bantu gaungkan trus tagar #SaveTaulany dan #SaveErinTaulany sudah muncul di list TT ,4/21/2019 17:01,1.12E+18,Jatiasihâ„¢,infoJ4T14S1H,,valid
#saveerintaulany,4/21/2019 16:59,1.12E+18,vincent,mahendrattaTroy,,valid
Sbg seorang ustadzah...sdhkah anda menghimbau umat utk menghentikan caci maki kpd Pakde Jokowi & pemerintah ? #savetaulany #SaveErinTaulany #TNIPolriPahlawanPemilu,4/21/2019 16:56,1.12E+18,Yung369 #WelcomeBackBTP,yungyung369,,valid
#SaveTaulany #SaveErinTaulany,4/21/2019 16:55,1.12E+18,Agba kristiyanto,AgbaKristiyanto,,valid
#SaveErinTaulany #SaveTaulany #SaveTaulany #SaveTaulany #SaveTaulany,4/21/2019 16:50,1.12E+18,Jazzmanie,jazz80jbi,,valid
#SaveTaulany #saveerintaulany,4/21/2019 16:49,1.12E+18,Kreshna W. Linarda,KreshnaQuet,,valid
#saveErintaulany ,4/21/2019 16:48,1.12E+18,Nasi pecel Pincuk,Widyast43944336,,valid
#saveTaulany #saveerintaulany,4/21/2019 16:47,1.12E+18,Kreshna W. Linarda,KreshnaQuet,,valid
kapan gerombolan wowo mau buka2an ? kalo merasa benar kenapa takut sih ? #SaveTaulany #saveerintaulany #TNIPolriPahlawanPemilu,4/21/2019 16:46,1.12E+18,Yung369 #WelcomeBackBTP,yungyung369,,valid
Laaah... lebih parah pendukung 02 #SaveTaulany #SaveErinTaulany,4/21/2019 16:44,1.12E+18,Firman TM,iFir17,,valid
Yg menghina bapak jokowi malah lebih parah dan tidak berperi kemanusiaan. @savetaulany #saveerintaulany,4/21/2019 16:43,1.12E+18,Wiwin,Wiwin97160658,,valid
Pik lu tahu diri dan koreksi diri deh.. Lu baru nongol dari persembunyian udh koreksi orang??? Balikin pik pada pemiliknya #saveErintaulany ,4/21/2019 16:43,1.12E+18,Nasi pecel Pincuk,Widyast43944336,,valid
tumben ngomong nya lurus kaya clurit..... ... ... #savetaulany #SaveErinTaulany,4/21/2019 16:42,1.12E+18,Raga Katineung,Mpa_Mpi,,valid
"Ikutan kacau kl berhadapan dgn kelompok org sinting kita sehat dibilang sinting, woles bae. Nach diana sndr sinting dibilang sinting, eh baper... cpd... #saveerintaulany #SaveTaulany",4/21/2019 16:42,1.12E+18,â¤Vy,NovietaSuyoso,,valid
ni masih pantes... dan wajar.... kl yg kmren gmn ya... kira2 d lapori HN gak ya.... kelakuan dh gak beda..... mantap dek... skr boleh dan bisa mimpi apa aj... jd presiden pun blh... liat bpk jokowi... yg dr tk meubel... skr jd org no 1... semangat #savetaulany #saveerintaulany ,4/21/2019 16:39,1.12E+18,Raga Katineung,Mpa_Mpi,,valid
#SaveTaulany dan #SaveErinTaulany,4/21/2019 16:39,1.12E+18,ğŸ…°ï¸damantan,suka_komen,,valid
Dasar payah gitu aja lapor.. daya tahan tubuh anda lemah bapak.. apa lagi mau ngurus negara ini?anda kuat ?? Ga usah ngata2in sinting belum tentu anda juga waras lo mungkin malah anda yg sinting #SaveTaulany #saveerintaulany #SaveOurDemocracy,4/21/2019 16:37,1.12E+18,mendoanÂ ğŸ˜,CitraLupuss19,,valid
"Deranged people. Guess, are they frustrated lunatic or pathological naive? Or ignorance seditioner? #SaveErinTaulany",4/21/2019 16:37,1.12E+18,juni hegelstad,HegelstadJuni,,valid
#saveerintaulany Sebenarnya apa yg diungkapkan Erin Taulany adalah apa yg ingin diungkapkan sebagian besar dari kita. Kl aku malahan lebih dr sekedar sinting tapi... au ah gelap!,4/21/2019 16:37,1.12E+18,Khairil Hamdy,khairil0760,,valid
Selamat hari kartini erin #ErintaulanySakitJiwa #saveerintaulany #SaveOurDemocracy #SaveAndreTaulany,4/21/2019 16:35,1.12E+18,Gian wira Harno,GianwiraH,,valid
"Menang, sombong = Jumowo Kalah, nerimo = Legowo Kalah, ngaku menang = Wowo #SaveTaulany #saveerintaulany",4/21/2019 16:34,1.12E+18,Aris Munand,arisemunand,,valid
Nahh.... itu pointnya. Klo yg skrg terjadi adalah buruk rupa malah kaca yg dipecahkan.... #SaveTaulany #saveerintaulany,4/21/2019 16:33,1.12E+18,awas jebakan BATMAN (manusia kampret),A17DYS,,valid
#SaveTaulany #SaveErinTaulany ,4/21/2019 16:30,1.12E+18,Agus umbara,Agusumbara12,,valid
Saya dukung #saveerintaulany #SaveTaulany,4/21/2019 16:30,1.12E+18,Roedhie,Roedhie,,valid
"Dont worry, we are support you #SaveTaulany #saveerintaulany",4/21/2019 16:29,1.12E+18,Ave,Aveitsme1,,valid
#SaveErinTaulany ,4/21/2019 16:29,1.12E+18,yudi.is,yudiistiono09,,valid
#saveerintaulany #SaveTaulany,4/21/2019 16:26,1.12E+18,lamong,hudilamong,,valid
Lanjut Bro El...ane pantengin #savetaulany #SaveErinTaulany ,4/21/2019 16:25,1.12E+18,Yung369 #WelcomeBackBTP,yungyung369,,valid
Hukum tajam kebawah tumpul keatas Seperti itu yg sering mereka bilang kalo pas masa kampanye... Setelah kampanye keok ya beda lagi #SaveTaulany #saveerintaulany,4/21/2019 16:24,1.12E+18,Tommy The Jack Man Â ğŸ‡®ğŸ‡©,TommyTheJackMa1,,valid
#saveErintaulany... Komparasinya nih ,4/21/2019 16:24,1.12E+18,Nasi pecel Pincuk,Widyast43944336,,valid
#SaveErinTaulany,4/21/2019 16:24,1.12E+18,Jeanjudith367@gmail.com,jeanjudith367,,valid
@Ivone_Hall #SaveErinTaulany,4/21/2019 16:22,1.12E+18,Papua Wesprianus Heipon,wesprianus,,valid
#SaveTaulany #SaveErinTaulany ,4/21/2019 16:22,1.12E+18,aiiial_al,alwhindyarch,,valid
Terserah yg penting... #saveerintaulany #SaveTaulany #SaveTaulany,4/21/2019 16:16,1.12E+18,samsudin102 #88,samsudin102,,valid
We wont leave you behind #SaveTaulany #saveerintaulany,4/21/2019 16:15,1.12E+18,ãƒˆãƒŸãƒ¼ç™½ Tà«¦É±Ä«Ï‚ÒºÉ¿Õà«¦â„¢,SamuraiTomiyuki,,valid
#SaveTaulany #saveerintaulany,4/21/2019 16:14,1.12E+18,ira humaira,BilqisKhira,,valid
#saveerintaulany #SaveTaulany #SaveTaulany,4/21/2019 16:13,1.12E+18,ira humaira,BilqisKhira,,valid
Agreed #SaveTaulany #saveerintaulany,4/21/2019 16:12,1.12E+18,ãƒˆãƒŸãƒ¼ç™½ Tà«¦É±Ä«Ï‚ÒºÉ¿Õà«¦â„¢,SamuraiTomiyuki,,valid
"indonesia 0,5 sakit #SaveTaulany #saveerintaulany",4/21/2019 16:11,1.12E+18,SADAR,Demas06,,valid
Mirip2 junjungan sebelah deh...yg halu..delu..gelo #savetaulany #SaveErinTaulany,4/21/2019 16:09,1.12E+18,Yung369 #WelcomeBackBTP,yungyung369,,valid
Itu lah arogsnsinya Klmpok 02.. Full. Kesombongan SEMUANYA... MERATA... DARI ATAS NYA SMP. KE Bawah... kl. Jokowi tdk bernurah hati dan sabar idealnya manusia satu ini yg hrs dilaporkan krn dia menghina SANTRI2 DAN PRESIDEN RI YG sah #saveErintaulany ,4/21/2019 16:08,1.12E+18,Nasi pecel Pincuk,Widyast43944336,,valid
"KRITIK DIKIT,KAFIR BERONTAK DIKIT,KOMUNIS BEGITU MENYERAMKANNYA MENGHADAPI MEREKA YANG MABOK AGAMA DAN KEKUASAAN #SaveTaulany #saveerintaulany",4/21/2019 16:08,1.12E+18,HÌ¶aÌ¶iÌ¶kÌ¶aÌ¶lÌ¶ YÌ¶oÌ¶gÌ¶aÌ¶ PÌ¶rÌ¶aÌ¶tÌ¶aÌ¶mÌ¶aÌ¶ NÌ¶.,Mr_Itaaang,,valid
#SaveErinTaulany,4/21/2019 16:07,1.12E+18,surya,kucinggaul123,,valid
"Presiden yang tiap hari dihujat dihina dibikinin hoax dimaki warganya sendiri (pendukung capres abadi) beliau bisa sabar tuh Laini cuman capres yang lagi main presiden-presidenan dikatain sesuai kondisinya sesuai tingkahnya, kok pada baper wkwk #saveerintaulany #SaveTaulany",4/21/2019 16:07,1.12E+18,ğŸš­,nuraldi_,,valid
Tangkap dan kandangkan fh karena telah melecehkan presiden Indonesia. #SaveTaulany #saveerintaulany ,4/21/2019 16:07,1.12E+18,Rheykel. Br,Rheykel1,,valid
#SaveTaulany #SaveErinTaulany #SaveWanQodir,4/21/2019 16:05,1.12E+18,Addin,MIBAgent_,,valid
Sepakat #SaveTaulany #saveerintaulany ,4/21/2019 16:04,1.12E+18,agus rudi,agus_rudi86,,valid
"Erin Taulani sama muaknya dg kita semua. Seharusnya selesai pilpres dijadikan sbg happy day menunggu pengumuman KPU, sbgmana anakÂ² SMA mnggu hsl UNBK mrk happyÂ² aja. Bukan klaim sy lulus nilai bagus. #SaveErinTaulany #SaveTaulany",4/21/2019 16:04,1.12E+18,Falah Yogiawan,falahyogi,,valid
#SaveTaulany #SaveErinTaulany ,4/21/2019 16:04,1.12E+18,Tasun Mancunian,TMancunian507,,valid
#SaveTaulany #SaveErinTaulany ,4/21/2019 16:04,1.12E+18,Ad71eã€ãƒ„ã€‘Goodsector,adjie_badsector,,valid
Orang sinting mana bisa baca dengan benar #SaveErinTaulany #SaveTaulany,4/21/2019 16:03,1.12E+18,Madie,bomalbae,,valid
Banyak yg akan mendukungmu sis.. #SaveErinTaulany,4/21/2019 16:02,1.12E+18,spider onta,riad_taufik,,valid
#SaveErinTaulany ,4/21/2019 16:02,1.12E+18,Mynameissayang,Alien64098168,,valid
Namanya juga sinting #SaveTaulany #SaveErinTaulany ,4/21/2019 16:01,1.12E+18,Madie,bomalbae,,valid
"Kmrn sujud di makam, skrng keris di cium... waduhhh.. mau berkata kasar, nti pendukung nya marah.... tapiii koyo wong.... isi sndri Wkwkwk #SaveTaulany #SaveErinTaulany",4/21/2019 16:00,1.12E+18,NINAS Madridista,lhena66,,valid
#SaveTaulany #SaveErinTaulany,4/21/2019 15:58,1.12E+18,alananash,nashnasstuff,,valid
Gaungkan #GerakanAkalSehat #SaveErinTaulany #SaveTaulany,4/21/2019 15:57,1.12E+18,Mas LEGO wo,masLEGOwowo,,valid
#SaveTaulany #saveerintaulany ,4/21/2019 15:56,1.12E+18,long long long,Rima66708082,,valid
#SaveTaulany #SaveErinTaulany ,4/21/2019 15:55,1.12E+18,Mr Bob47,mrbob_47,,valid
#SaveErinTaulany kalau erin taulani di proses maka FahriHamzah harus di proses juga,4/21/2019 15:54,1.12E+18,V-Lix,felix19300663,,valid
Klo lo sinting gimana gus #SaveTaulany #SaveErinTaulany ,4/21/2019 15:53,1.12E+18,Madie,bomalbae,,valid
#saveErintaulany... Jgn gentar bnyk masyrkt yg mendukung... Hrs nya yg msk. Penjara manusia ini krn jokowi sah presiden RI.. ,4/21/2019 15:51,1.12E+18,Nasi pecel Pincuk,Widyast43944336,,valid
#SaveTaulany #saveerintaulany ,4/21/2019 15:49,1.12E+18,DYAH APRILIANI K,Dapril_9,,valid
Makin semena2 aja juancok #SaveTaulany #SaveErinTaulany,4/21/2019 15:48,1.12E+18,Madie,bomalbae,,valid
Istri Sunu ... Suci ... Kok kayak situasi sekarang ya Maling teriak maling. Dzolim teriak diDzolimi ... #SaveErinTaulany ,4/21/2019 15:48,1.12E+18,V-Lix,felix19300663,,valid
#saveerintaulany #SaveTaulany,4/21/2019 15:47,1.12E+18,Fajar Arrahman,AvatRabbitry,,valid
#saveerintaulany,4/21/2019 15:46,1.12E+18,kANg wIEr,PriyoSiswanto5,,valid
Ambisi bgt ni org pasti dulunya sering cacingan #saveerintaulany,4/21/2019 15:46,1.12E+18,aldo1897,mualda_simbolon,,valid
Hidup sinting #SaveTaulany #SaveErinTaulany ,4/21/2019 15:46,1.12E+18,Madie,bomalbae,,valid
pakdhe jokowi kemarin di hina di caci kalian pada kemana netijen? kampret emang. #SaveTaulany #saveerintaulany ,4/21/2019 15:45,1.12E+18,Taufan Putra,taufanHAP,,valid
#SaveErinTaulany,4/21/2019 15:43,1.12E+18,V-Lix,felix19300663,,valid
"Hadits di gaungkan hanya untuk kaum cebong, sangat tidak objektif umi ini tentunya, bukannya yang lebih kotor itu mulutnya kubu sebelah yah....wajar d bilang sin_ing Kalah QC ko klaim menang 62%.... #SaveTaulany #saveerintaulany",4/21/2019 15:43,1.12E+18,alvienzaekadhyatma,Alvienzaekaa,,valid
So please gaungkan tagar #SaveErinTaulany,4/21/2019 15:42,1.12E+18,V-Lix,felix19300663,,valid
Pada diam kampret ... Simbol negara dihina ... Yg ngimpi malah di sembah puja #SaveErinTaulany,4/21/2019 15:42,1.12E+18,V-Lix,felix19300663,,valid
"Setiap orng psti melkukan kslahan. Sdh mjd tgas kita utk sling mngingatkn dlm hal kebaikan dan caranya pn hrs dg cara yg baik. Bkn dg caci & maki. So, jgn so bener lh jdi orang. #SaveTaulany #saveerintaulany #staystrongandretaulany",4/21/2019 15:41,1.12E+18,Aliya Muhib,ddarzah95,,valid
"#SaveTaulany untuk calon dikatator dan pengikutnya, ga usah panik dan baper ya. #SaveTaulany #saveerintaulany #AlhamdulillahDuaPeriode",4/21/2019 15:41,1.12E+18,nu_kaffah,nu_kaffah,,valid
#SaveTaulany emang nya napa mbak ?? #SaveErinTaulany,4/21/2019 15:40,1.12E+18,V-Lix,felix19300663,,valid
Waduh... #SaveTaulany #SaveErinTaulany #Prabowo #Pilpres2019 #Jokowi,4/21/2019 15:36,1.12E+18,Koruptor itu Penista,syakirasyakir,,valid
Gua dukung #SaveTaulany dan #SaveErinTaulany,4/21/2019 15:36,1.12E+18,V-Lix,felix19300663,,valid
#SaveErinTaulany #SaveTaulany,4/21/2019 15:35,1.12E+18,@fand sufriadi,fand09098393,,valid
#SaveErinTaulany ..,4/21/2019 15:35,1.12E+18,Yudin Izza,Yudin75005645,,valid
#SaveErinTaulany #SaveTaulany #SaveErinTaulany #SaveTaulany #SaveErinTaulany #SaveTaulany #SaveErinTaulany #SaveTaulany,4/21/2019 15:33,1.12E+18,Sahara2812,Sahara2812,,valid
#SaveTaulany #SaveTaulany #saveerintaulany,4/21/2019 15:33,1.12E+18,bapathy,bapathy1,,valid
#SaveTaulany #SaveErinTaulany #SaveTaulany #SaveErinTaulany #SaveTaulany #SaveErinTaulany #SaveTaulany #SaveErinTaulany #SaveTaulany #SaveErinTaulany ,4/21/2019 15:30,1.12E+18,BukanOrangDungu,edo_great,,valid
dont worry bang.... TNI & POLRI udh mantau kok.... just wait n see aja. kita gak boleh kepancing sm tindakan gila mereka. biar jd urusan aparat #SaveTaulany #saveerintaulany,4/21/2019 15:27,1.12E+18,Cangkem Bosok,bosokcangkem,,valid
Kampret itu bisa di-fogging gak sih? Selama ini aku males lho pakai dikotomi cebong-kampret. Tapi kali ini aku GMZ! #SaveTaulany #saveerintaulany,4/21/2019 15:26,1.12E+18,Mereka Bilang Saya Judes,DidiCahya,,valid
Kami bersama @erintaulany #SaveErinTaulany #SaveTaulany,4/21/2019 15:25,1.12E+18,Pungky,PungkyStarr,,valid
mari kita sebut BPN SINTING !! #saveerintaulany #SaveTaulany,4/21/2019 15:23,1.12E+18,Cangkem Bosok,bosokcangkem,,valid
#SaveErinTaulany,4/21/2019 15:23,1.12E+18,Anny,annyna77,,valid
saya tinggal dimana ini #SaveErinTaulany ,4/21/2019 15:22,1.12E+18,Putu Nita Verayani,veraninditaa,,valid
FAHRI HAMZAH ngatain PRESIDEN RI YANG SAH dengan kata sinting. Erin Taulany ngatain CAPRES ABADI pake kata GILA. beda ? BEDA !! #SaveTaulany #saveerintaulany,4/21/2019 15:21,1.12E+18,Cangkem Bosok,bosokcangkem,,valid
Menolak lupa SINTING! #SaveTaulany #SaveErinTaulany ,4/21/2019 15:21,1.12E+18,kang macul keliling,SudjiwoM,,valid
#SaveTaulany #saveerintaulany ,4/21/2019 15:21,1.12E+18,Felix,felix_panjaitan,,valid
#saveErintaulany.. Menolak lupa ,4/21/2019 15:20,1.12E+18,Nasi pecel Pincuk,Widyast43944336,,valid
#SaveErinTaulany ,4/21/2019 15:20,1.12E+18,Madie,bomalbae,,valid
"Giliran kampreters ngina Jokowi, bebas aja Nah giliran junjunganny dbilang gila, malah protes..kan kampret #SaveTaulany #SaveTaulany #SaveErinTaulany",4/21/2019 15:19,1.12E+18,â„ğ•€ğ•Šğ•€ğ•‹ğ”¸ğ•Š ğ”¹ğ•Œğ•‚ğ”¸â„•,GiovanzaPatrick,,valid
#SaveTaulany #SaveErinTaulany ,4/21/2019 15:19,1.12E+18,Arief 3 Belas,AriefBelas,,valid
#SaveTaulany #SaveErinTaulany,4/21/2019 15:19,1.12E+18,Arief 3 Belas,AriefBelas,,valid
#SaveErinTaulany,4/21/2019 15:19,1.12E+18,romlisav,romlisav,,valid
lanjut #SaveTaulany dan #SaveErinTaulany,4/21/2019 15:18,1.12E+18,jancuknjaran,j0s4,,valid
#SaveTaulany #saveerintaulany,4/21/2019 15:17,1.12E+18,@fand sufriadi,fand09098393,,valid
"Pak Prabowo gak gila apalagi sinting, hanya saja beliau sedikit mengalami gangguan kejiwaan #SaveTaulany #saveerintaulany #SaveTaulany",4/21/2019 15:17,1.12E+18,Anikkkk,Anikkkk_,,valid
#SaveTaulany #SaveErinTaulany #SaveTaulany #SaveErinTaulany #SaveTaulany #SaveErinTaulany #SaveTaulany #SaveErinTaulany #SaveTaulany #SaveErinTaulany,4/21/2019 15:17,1.12E+18,BukanOrangDungu,edo_great,,valid
#SaveTaulany #saveerintaulany,4/21/2019 15:17,1.12E+18,Nanda Mahardika,N_Mahardika17,,valid
#SaveTaulany #SaveErinTaulany #SaveTaulany #SaveErinTaulany #SaveTaulany #SaveErinTaulany #SaveTaulany #SaveErinTaulany #SaveTaulany #SaveErinTaulany #SaveTaulany #SaveErinTaulany #SaveTaulany #SaveErinTaulany #SaveTaulany #SaveErinTaulany #SaveTaulany #SaveErinTaulany,4/21/2019 15:16,1.12E+18,BukanOrangDungu,edo_great,,valid
Sabar... orang sabar di sayang pacar.... #SaveTaulany #SaveErinTaulany,4/21/2019 15:16,1.12E+18,NINAS Madridista,lhena66,,valid
#saveerintaulany ,4/21/2019 15:13,1.12E+18,masboy_official,official_masboy,,valid
Support #saveerintaulany #SaveTaulany,4/21/2019 15:13,1.12E+18,inkun,nu_her,,valid
Jangan gentar mba Erin #saveerintaulany #SaveTaulany,4/21/2019 15:13,1.12E+18,M. Luqman hakim,MLuqman56427211,,valid
"Hrs nya FH jg dilaporin, udh blng presiden sinting #SaveTaulany #SaveErinTaulany ",4/21/2019 15:12,1.12E+18,NINAS Madridista,lhena66,,valid
#SaveTaulany #saveerintaulany ,4/21/2019 15:12,1.12E+18,Chavals,charonita,,valid
#SaveTaulany #SaveTaulany #saveerintaulany #SaveTaulany #SaveErinTaulany ,4/21/2019 15:11,1.12E+18,Shanty Parhusip,ParhusipShanty,,valid
"Karena setiap hinaan yang keluar dari mulutnya @Fahrihamzah akan menjadi hakim atas dirinya sendiri.... #SaveTaulany , #SaveErinTaulany , #saveerintaulany ",4/21/2019 15:11,1.12E+18,FLORIUS MANAO,ManaoFlorius,,valid
Hajar terus mba Erin. #saveerintaulany #SaveTaulany,4/21/2019 15:10,1.12E+18,M. Luqman hakim,MLuqman56427211,,valid
Tp blum di acc permintaan keluar nya ma ketua komunitas itu.... #SaveTaulany #SaveErinTaulany,4/21/2019 15:10,1.12E+18,NINAS Madridista,lhena66,,valid
Lantang kan suara mu mba Erin #saveerintaulany #SaveTaulany,4/21/2019 15:09,1.12E+18,M. Luqman hakim,MLuqman56427211,,valid
#SaveTaulany #SaveErinTaulany,4/21/2019 15:08,1.12E+18,NINAS Madridista,lhena66,,valid
"#SaveTaulany #saveerintaulany sebenernya saya capek dgn kubu sebelah, nyari celah mulu",4/21/2019 15:07,1.12E+18,Latifatur Rohmah,rohmahlatifah,,valid
#SaveTaulany #SaveErinTaulany,4/21/2019 15:07,1.12E+18,Emmi.siregar,Emmy8412,,valid
We stand with u @erintaulany #saveerintaulany #SaveTaulany Keep strong!,4/21/2019 15:07,1.12E+18,â¤pedals,tie3112,,valid
#SaveTaulany #Saveerintaulany ,4/21/2019 15:07,1.12E+18,Robert 868686,robert868686,,valid
Sederhana saja koq. Cuma kurang 1 alat buat BPN. Kaca! Yaah.. BPN perlu ngaca. #SaveTaulany #SaveErinTaulany,4/21/2019 15:06,1.12E+18,Hitta Rossen,Hittarossen,,valid
"Saya yakin mba erin nilai sastra nya pasti jelek, ada namanya majas dan kiasan, mengapa hrs pilih kata yg sebenarnya. #SaveTaulany #saveerintaulany",4/21/2019 15:06,1.12E+18,Î›nonim,Iragesimaa,,valid
"Mungkin UU ITE perlu dihapus, biar aku bisa berpendapat dengan bebas! #saveerintaulany menurut kalian gimana? #savebbm",4/21/2019 15:05,1.12E+18,Saridin,udinhou,,valid
Hati2 diErinkan. #SaveTaulany #SaveErinTaulany,4/21/2019 15:05,1.12E+18,Soni mr,Sky_marryland,,valid
"Suka nya ngatain orang, tapi klo gantian di katain langsung main lapor... Dasar Baperan, efek kebanyakan main Pleciden plecidenan #SaveTaulany #saveerintaulany",4/21/2019 15:05,1.12E+18,Darmawan,Darmawa86278365,,valid
Yg menghina presiden yg asli tlg di laporin juga.jgn yg menghina presiden2an aja yg di laporin. #saveErinTaulany,4/21/2019 15:04,1.12E+18,faridaariyani,idalovejaesmine,,valid
#saveerintaulany #saveerintaulany #SaveTaulany #SaveTaulany,4/21/2019 15:04,1.12E+18,einald choleq htp..,EinaldCholeq,,valid
#SaveTaulany #SaveErinTaulany #SaveSanity,4/21/2019 15:04,1.12E+18,(bukan) Power Ranger Merah,WongisJawanicus,,valid
Iya netijen emang gitu sudah pada ketularan junjungannya pada sakit jiwa #SaveTaulany #SaveErinTaulany,4/21/2019 15:03,1.12E+18,lelaki jenggot putih,MinataNyoman,,valid
#SaveTaulany #SaveErinTaulany,4/21/2019 15:03,1.12E+18,Joim,Joim19M,,valid
@SondoroMusic ....aneh comedian di perkarakan #saveerintaulany,4/21/2019 15:02,1.12E+18,Pandhu,pandhu703,,valid
#saveerintaulany,4/21/2019 15:02,1.12E+18,H0534,hosa15,,valid
#saveerintaulany #saveerintaulany #saveerintaulany #saveerintaulany,4/21/2019 15:02,1.12E+18,Toloose,toloose25,,valid
"#saveerintaulany, ingat kubu 02 juga sering menghina dan menfitnah pak jokowi, bagaimana kalau kita laporkan polisi",4/21/2019 15:01,1.12E+18,Noer Putra,NoerPutra70,,valid
"Dulu jg FH blng jokowi sinting, tp kok adem2 ajj... skrng prabowo di blng sinting knpa pendukung nya marah... #SaveTaulany #SaveErinTaulany ",4/21/2019 15:01,1.12E+18,NINAS Madridista,lhena66,,valid
Lebih percaya akal sehal!!! #SaveTaulany #saveerintaulany #KPUSelaluTransparan,4/21/2019 14:59,1.12E+18,Scopiez Manroe,scopiez,,valid
"Setiap orang yang berakal sehat, pasti bakal nyebut @prabowo begitu jangan takut mba Erin #SaveTaulany #saveerintaulany",4/21/2019 14:59,1.12E+18,M. Luqman hakim,MLuqman56427211,,valid
CALON PRESIDEN UKRAINA SEORANG KOMEDIAN!! #IndonesiaFraudElection #BPNKawalSuaraKami Sri Lanka #SaveTaulany #TNIPolriPahlawanPemilu #EVEMUN #saveerintaulany #DaruratC1Plano Readmore this link ,4/21/2019 14:58,1.12E+18,Peter Prayogo,PeterPrayogo,,valid
#SaveTaulany #SaveErinTaulany ,4/21/2019 14:58,1.12E+18,mimin akun goship,minhoo23,,valid
Umi pipik sedang membela tuhannya. Dengan hadits pilihannya. #saveerintaulany #SaveTaulany,4/21/2019 14:57,1.12E+18,RIO,SkyRio999,,valid
Q posisi di LN jg masuk list TT #SaveTaulany #saveerintaulany ,4/21/2019 14:57,1.12E+18,#Â ğŸ‡®ğŸ‡©_COYG,AntiH0ax,,valid
